task_id,route,model_decision,valid_format,p_defer,p_self,score,margin,logp_self,logp_defer,self_passed,expert_passed,expert_available,code_len
3017,post_defer,defer,1,0.9999852544383582,1.4745561641826832e-05,1.4745561641826832e-05,11.124553680419922,-11.125,-0.000446319580078125,0,1.0,1,571
3018,post_defer,defer,1,0.9999416802665172,5.831973348280339e-05,5.831973348280339e-05,9.74951171875,-9.75,-0.00048828125,0,1.0,1,250
3019,post_defer,defer,1,0.9990876770877722,0.0009123229122277587,0.0009123229122277587,6.998603820800781,-7.0,-0.00139617919921875,0,1.0,1,612
3020,post_self,self,1,0.2693256023055673,0.7306743976944328,0.7306743976944328,-0.998046875,-0.314453125,-1.3125,1,1.0,1,400
3021,post_defer,defer,1,0.99752032892091,0.0024796710790899734,0.0024796710790899734,5.9971466064453125,-6.0,-0.0028533935546875,0,1.0,1,637
3022,post_defer,defer,1,0.9996197067282285,0.0003802932717714702,0.0003802932717714702,7.874187469482422,-7.875,-0.000812530517578125,0,1.0,1,353
3023,post_defer,defer,1,0.9995690717260971,0.00043092827390289745,0.00043092827390289745,7.749137878417969,-7.75,-0.00086212158203125,0,1.0,1,353
3024,post_defer,defer,1,0.999289517560036,0.0007104824399639664,0.0007104824399639664,7.2488555908203125,-7.25,-0.0011444091796875,0,1.0,1,525
3025,post_self,self,1,0.8177200818572946,0.1822799181427054,0.1822799181427054,1.5009765625,-1.703125,-0.2021484375,0,1.0,1,358
3026,post_defer,defer,1,0.8523219402958387,0.14767805970416126,0.14767805970416126,1.7529296875,-1.9140625,-0.1611328125,0,1.0,1,342
3027,post_defer,defer,1,0.9989661312957632,0.0010338687042368289,0.0010338687042368289,6.8734130859375,-6.875,-0.0015869140625,0,0.0,1,583
3028,post_defer,defer,1,0.9990875449499091,0.0009124550500908546,0.0009124550500908546,6.9984588623046875,-7.0,-0.0015411376953125,0,1.0,1,583
3029,post_defer,defer,1,0.5,0.5,0.5,0.0,-0.6953125,-0.6953125,0,1.0,1,434
3030,post_defer,defer,1,0.9843175189908815,0.01568248100911851,0.01568248100911851,4.139404296875,-4.15625,-0.016845703125,0,1.0,1,404
3031,post_defer,defer,1,0.9999545749352667,4.542506473326213e-05,4.542506473326213e-05,9.999401092529297,-10.0,-0.000598907470703125,0,0.0,1,383
3032,post_defer,defer,1,0.9997693129898664,0.00023068701013362336,0.00023068701013362336,8.374217987060547,-8.375,-0.000782012939453125,0,1.0,1,873
3033,post_self,self,1,0.31997074490513444,0.6800292550948656,0.6800292550948656,-0.75390625,-0.38671875,-1.140625,1,1.0,1,239
3034,post_defer,defer,1,0.9399133498259924,0.060086650174007605,0.060086650174007605,2.75,-2.8125,-0.0625,0,1.0,1,645
3035,post_self,self,1,0.22303841721688147,0.7769615827831186,0.7769615827831186,-1.248046875,-0.251953125,-1.5,0,1.0,1,295
3036,post_defer,defer,1,0.9999545749352667,4.542506473326213e-05,4.542506473326213e-05,9.999401092529297,-10.0,-0.000598907470703125,0,1.0,1,1031
3037,post_defer,defer,1,0.9999930327489206,6.96725107940388e-06,6.96725107940388e-06,11.874282836914062,-11.875,-0.0007171630859375,0,0.0,1,714
3038,post_defer,defer,1,0.6800292550948656,0.31997074490513444,0.31997074490513444,0.75390625,-1.140625,-0.38671875,1,1.0,1,302
3039,post_defer,defer,1,0.6800292550948656,0.31997074490513444,0.31997074490513444,0.75390625,-1.140625,-0.38671875,1,1.0,1,286
3040,post_defer,defer,1,0.9999251196481408,7.488035185920783e-05,7.488035185920783e-05,9.499544143676758,-9.5,-0.0004558563232421875,0,1.0,1,340
3041,post_defer,defer,1,0.9999687797538129,3.12202461870692e-05,3.12202461870692e-05,10.374412536621094,-10.375,-0.00058746337890625,0,1.0,1,663
3042,post_defer,defer,1,0.6229182129267856,0.3770817870732144,0.3770817870732144,0.501953125,-0.9765625,-0.474609375,1,1.0,1,294
3043,post_defer,defer,1,0.9940513338209787,0.005948666179021345,0.005948666179021345,5.118621826171875,-5.125,-0.006378173828125,1,1.0,1,455
3044,post_defer,defer,1,0.9999339070262612,6.609297373882939e-05,6.609297373882939e-05,9.624382019042969,-9.625,-0.00061798095703125,0,1.0,1,531
3045,post_defer,defer,1,0.9999991679515976,8.320484023993657e-07,8.320484023993657e-07,13.999374389648438,-14.0,-0.0006256103515625,0,1.0,1,1280
3046,post_defer,defer,1,0.9999998361598457,1.638401543324619e-07,1.638401543324619e-07,15.624374389648438,-15.625,-0.0006256103515625,0,1.0,1,611
3047,post_defer,defer,1,0.9771864812836849,0.022813518716315095,0.022813518716315095,3.75732421875,-3.78125,-0.02392578125,0,1.0,1,187
3048,post_defer,defer,1,0.9993729682225284,0.0006270317774715872,0.0006270317774715872,7.3738861083984375,-7.375,-0.0011138916015625,0,1.0,1,324
3049,post_defer,defer,1,0.999925106651099,7.489334890098398e-05,7.489334890098398e-05,9.499370574951172,-9.5,-0.000629425048828125,0,1.0,1,270
3050,post_defer,defer,1,0.9999962710001211,3.728999878882533e-06,3.728999878882533e-06,12.499366760253906,-12.5,-0.00063323974609375,0,0.0,1,872
3051,post_defer,defer,1,0.998966202210069,0.001033797789930957,0.001033797789930957,6.873481750488281,-6.875,-0.00151824951171875,0,0.0,1,421
3052,post_defer,defer,1,0.9040168879082324,0.09598311209176758,0.09598311209176758,2.24267578125,-2.34375,-0.10107421875,1,1.0,1,249
3053,post_defer,defer,1,0.8177200818572946,0.1822799181427054,0.1822799181427054,1.5009765625,-1.703125,-0.2021484375,0,1.0,1,705
3054,post_defer,defer,1,0.9971898522170537,0.002810147782946304,0.002810147782946304,5.8717041015625,-5.875,-0.0032958984375,0,1.0,1,359
3055,post_defer,defer,1,0.999964625267428,3.537473257197998e-05,3.537473257197998e-05,10.24947738647461,-10.25,-0.000522613525390625,0,1.0,1,866
3056,post_defer,defer,1,0.9959110157733164,0.0040889842266835785,0.0040889842266835785,5.495361328125,-5.5,-0.004638671875,0,0.0,1,379
3057,post_defer,defer,1,0.9707120723590936,0.029287927640906375,0.029287927640906375,3.5008544921875,-3.53125,-0.0303955078125,0,1.0,1,141
3058,post_defer,defer,1,0.9991949204309626,0.0008050795690374146,0.0008050795690374146,7.1237640380859375,-7.125,-0.0012359619140625,0,1.0,1,552
3059,post_defer,defer,1,0.9991949633910898,0.0008050366089101813,0.0008050366089101813,7.123817443847656,-7.125,-0.00118255615234375,0,1.0,1,552
3060,post_defer,defer,1,0.9822366568273431,0.01776334317265693,0.01776334317265693,4.0126953125,-4.03125,-0.0185546875,0,1.0,1,356
3061,post_defer,defer,1,0.9993730016877479,0.0006269983122521028,0.0006269983122521028,7.373939514160156,-7.375,-0.00106048583984375,0,1.0,1,356
3062,post_defer,defer,1,0.8804891362585583,0.11951086374144171,0.11951086374144171,1.9970703125,-2.125,-0.1279296875,0,0.0,1,341
3063,post_defer,defer,1,0.9524747629309368,0.0475252370690632,0.0475252370690632,2.997802734375,-3.046875,-0.049072265625,0,1.0,1,471
3064,post_defer,defer,1,0.9989663125115537,0.0010336874884463443,0.0010336874884463443,6.873588562011719,-6.875,-0.00141143798828125,0,1.0,1,469
3065,post_self,self,1,0.06011423238948973,0.9398857676105102,0.9398857676105102,-2.74951171875,-0.06298828125,-2.8125,1,1.0,1,189
3066,post_defer,defer,1,0.9992892520922061,0.0007107479077939072,0.0007107479077939072,7.248481750488281,-7.25,-0.00151824951171875,0,1.0,1,314
3067,post_defer,defer,1,0.999891044092381,0.00010895590761894614,0.00010895590761894614,9.124458312988281,-9.125,-0.00054168701171875,0,0.0,1,515
3068,post_defer,defer,1,0.6229182129267856,0.3770817870732144,0.3770817870732144,0.501953125,-0.9765625,-0.474609375,1,1.0,1,341
3069,post_defer,defer,1,0.9040168879082324,0.09598311209176758,0.09598311209176758,2.24267578125,-2.34375,-0.10107421875,0,1.0,1,174
3070,post_defer,defer,1,0.6800292550948656,0.31997074490513444,0.31997074490513444,0.75390625,-1.140625,-0.38671875,0,1.0,1,506
3071,post_defer,defer,1,0.6800292550948656,0.31997074490513444,0.31997074490513444,0.75390625,-1.140625,-0.38671875,0,1.0,1,506
3072,post_defer,defer,1,0.924039065164378,0.07596093483562205,0.07596093483562205,2.49853515625,-2.578125,-0.07958984375,0,1.0,1,479
3073,post_defer,defer,1,0.924039065164378,0.07596093483562205,0.07596093483562205,2.49853515625,-2.578125,-0.07958984375,0,1.0,1,149
3074,post_defer,defer,1,0.9993729682225284,0.0006270317774715872,0.0006270317774715872,7.3738861083984375,-7.375,-0.0011138916015625,0,1.0,1,575
3075,post_defer,defer,1,0.9999952118927131,4.788107286879395e-06,4.788107286879395e-06,12.249370574951172,-12.25,-0.000629425048828125,0,0.0,1,971
3076,post_defer,defer,1,0.5621765008857981,0.43782349911420193,0.43782349911420193,0.25,-0.828125,-0.578125,0,0.0,1,336
3077,post_defer,defer,1,0.9995690930865507,0.00043090691344926935,0.00043090691344926935,7.749187469482422,-7.75,-0.000812530517578125,0,0.0,1,727
3078,post_defer,defer,1,0.9988286166721521,0.0011713833278479413,0.0011713833278479413,6.7483978271484375,-6.75,-0.0016021728515625,1,1.0,1,320
3079,post_defer,defer,1,0.9988285541851487,0.0011714458148512907,0.0011714458148512907,6.748344421386719,-6.75,-0.00165557861328125,1,1.0,1,320
3080,post_defer,defer,1,0.9992895554759224,0.0007104445240776469,0.0007104445240776469,7.248908996582031,-7.25,-0.00109100341796875,0,0.0,1,361
3081,post_defer,defer,1,0.9996196327632869,0.00038036723671308614,0.00038036723671308614,7.873992919921875,-7.875,-0.001007080078125,0,1.0,1,405
3082,post_defer,defer,1,0.9040592478879267,0.09594075211207331,0.09594075211207331,2.2431640625,-2.34375,-0.1005859375,0,1.0,1,548
3083,post_defer,defer,1,0.9999339183701484,6.608162985155541e-05,6.608162985155541e-05,9.624553680419922,-9.625,-0.000446319580078125,0,1.0,1,582
3084,post_defer,defer,1,0.9999980042960535,1.9957039465445803e-06,1.9957039465445803e-06,13.12451171875,-13.125,-0.00048828125,0,1.0,1,443
3085,post_defer,defer,1,0.8804891362585583,0.11951086374144171,0.11951086374144171,1.9970703125,-2.125,-0.1279296875,0,1.0,1,469
3086,post_defer,defer,1,0.9999921072757397,7.89272426027221e-06,7.89272426027221e-06,11.749561309814453,-11.75,-0.000438690185546875,0,1.0,1,540
3087,post_defer,defer,1,0.9999339150932255,6.608490677451062e-05,6.608490677451062e-05,9.624504089355469,-9.625,-0.00049591064453125,0,1.0,1,313
3088,post_defer,defer,1,0.5621765008857981,0.43782349911420193,0.43782349911420193,0.25,-0.828125,-0.578125,1,1.0,1,348
3089,post_defer,defer,1,0.9999938523790423,6.147620957741573e-06,6.147620957741573e-06,11.999439239501953,-12.0,-0.000560760498046875,0,1.0,1,459
3090,post_defer,defer,1,0.9040592478879267,0.09594075211207331,0.09594075211207331,2.2431640625,-2.34375,-0.1005859375,0,0.0,1,534
3091,post_defer,defer,1,0.5621765008857981,0.43782349911420193,0.43782349911420193,0.25,-0.828125,-0.578125,1,1.0,1,348
3092,post_defer,defer,1,0.9932580765508229,0.006741923449177123,0.006741923449177123,4.992645263671875,-5.0,-0.007354736328125,0,1.0,1,212
3093,post_defer,defer,1,0.9999998361598457,1.638401543324619e-07,1.638401543324619e-07,15.624374389648438,-15.625,-0.0006256103515625,0,0.0,1,1405
3094,post_defer,defer,1,0.9995690470781047,0.0004309529218953223,0.0004309529218953223,7.749080657958984,-7.75,-0.000919342041015625,0,1.0,1,554
3095,post_defer,defer,1,0.9999687818973968,3.1218102603203235e-05,3.1218102603203235e-05,10.374481201171875,-10.375,-0.000518798828125,0,0.0,1,426
3096,post_defer,defer,1,0.9999646306645813,3.536933541870013e-05,3.536933541870013e-05,10.249629974365234,-10.25,-0.000370025634765625,0,1.0,1,679
3097,post_defer,defer,1,0.7306743976944328,0.26932560230556724,0.26932560230556724,0.998046875,-1.3125,-0.314453125,0,0.0,1,385
3098,post_defer,defer,1,0.9999756899315143,2.431006848568895e-05,2.431006848568895e-05,10.624595642089844,-10.625,-0.00040435791015625,0,1.0,1,495
3099,post_defer,defer,1,0.9624090334665284,0.037590966533471604,0.037590966533471604,3.24267578125,-3.28125,-0.03857421875,0,0.0,1,382
3100,post_defer,defer,1,0.9999251115074006,7.488849259940089e-05,7.488849259940089e-05,9.499435424804688,-9.5,-0.0005645751953125,0,0.0,1,532
3101,post_self,self,1,0.03759980002230799,0.962400199977692,0.962400199977692,-3.242431640625,-0.038818359375,-3.28125,1,1.0,1,253
3102,post_defer,defer,1,0.9995115994200524,0.0004884005799475899,0.0004884005799475899,7.6238861083984375,-7.625,-0.0011138916015625,0,1.0,1,531
3103,post_defer,defer,1,0.9998203521643289,0.0001796478356711484,0.0001796478356711484,8.624332427978516,-8.625,-0.000667572021484375,0,1.0,1,592
3104,post_defer,defer,1,0.9999485267731459,5.147322685405964e-05,5.147322685405964e-05,9.874397277832031,-9.875,-0.00060272216796875,0,1.0,1,447
3105,post_defer,defer,1,0.9771892024462275,0.022810797553772466,0.022810797553772466,3.7574462890625,-3.78125,-0.0238037109375,0,0.0,1,210
3106,post_defer,defer,1,0.999796444189332,0.0002035558106679991,0.0002035558106679991,8.499366760253906,-8.5,-0.00063323974609375,0,1.0,1,376
3107,post_defer,defer,1,0.9999869855260537,1.3014473946304506e-05,1.3014473946304506e-05,11.249435424804688,-11.25,-0.0005645751953125,0,1.0,1,592
3108,post_defer,defer,1,0.999820327496192,0.00017967250380801492,0.00017967250380801492,8.624195098876953,-8.625,-0.000804901123046875,0,1.0,1,564
3109,post_defer,defer,1,0.9975200647061834,0.0024799352938166264,0.0024799352938166264,5.997039794921875,-6.0,-0.002960205078125,0,0.0,1,259
3110,post_defer,defer,1,0.9771864812836849,0.022813518716315095,0.022813518716315095,3.75732421875,-3.78125,-0.02392578125,0,1.0,1,396
3111,post_defer,defer,1,0.9990877744402799,0.0009122255597201478,0.0009122255597201478,6.998710632324219,-7.0,-0.00128936767578125,0,1.0,1,390
3112,post_defer,defer,1,0.9998414616228948,0.00015853837710522178,0.00015853837710522178,8.74935531616211,-8.75,-0.000644683837890625,0,1.0,1,406
3113,post_defer,defer,1,0.9822345268427304,0.017765473157269618,0.017765473157269618,4.0125732421875,-4.03125,-0.0186767578125,0,1.0,1,360
3114,post_defer,defer,1,0.9959115128458171,0.004088487154182863,0.004088487154182863,5.4954833984375,-5.5,-0.0045166015625,0,1.0,1,318
3115,post_defer,defer,1,0.999664409363278,0.00033559063672194966,0.00033559063672194966,7.9992828369140625,-8.0,-0.0007171630859375,0,1.0,1,670
3116,post_self,self,1,0.5,0.5,0.5,0.0,-0.6953125,-0.6953125,0,1.0,1,264
3117,post_defer,defer,1,0.9913458786747752,0.008654121325224806,0.008654121325224806,4.74102783203125,-4.75,-0.00897216796875,0,1.0,1,372
3118,post_defer,defer,1,0.9963917249456518,0.0036082750543482423,0.0036082750543482423,5.62091064453125,-5.625,-0.00408935546875,0,0.0,1,534
3119,post_defer,defer,1,0.9990875449499091,0.0009124550500908546,0.0009124550500908546,6.9984588623046875,-7.0,-0.0015411376953125,0,1.0,1,224
3120,post_defer,defer,1,0.9999974372909003,2.562709099707128e-06,2.562709099707128e-06,12.874443054199219,-12.875,-0.00055694580078125,0,1.0,1,762
3121,post_defer,defer,1,0.9999545804797284,4.541952027159457e-05,4.541952027159457e-05,9.999523162841797,-10.0,-0.000476837158203125,0,1.0,1,457
3122,post_defer,defer,1,0.9999982382325959,1.761767404073744e-06,1.761767404073744e-06,13.249191284179688,-13.25,-0.0008087158203125,0,0.0,1,1181
3123,post_defer,defer,1,0.9707190125148503,0.029280987485149734,0.029280987485149734,3.5010986328125,-3.53125,-0.0301513671875,0,1.0,1,356
3124,post_defer,defer,1,0.9968163922093731,0.0031836077906268745,0.0031836077906268745,5.746551513671875,-5.75,-0.003448486328125,0,1.0,1,400
3125,post_defer,defer,1,0.9999832890826928,1.671091730715002e-05,1.671091730715002e-05,10.999431610107422,-11.0,-0.000568389892578125,0,1.0,1,307
3126,post_defer,defer,1,0.9999869863700019,1.3013629998059884e-05,1.3013629998059884e-05,11.249500274658203,-11.25,-0.000499725341796875,0,1.0,1,1274
3127,post_defer,defer,1,0.9984957268724222,0.0015042731275778376,0.0015042731275778376,6.4979400634765625,-6.5,-0.0020599365234375,0,1.0,1,201
3128,post_defer,defer,1,0.9995690470781047,0.0004309529218953223,0.0004309529218953223,7.749080657958984,-7.75,-0.000919342041015625,0,0.0,1,513
3129,post_defer,defer,1,0.9999980042960535,1.9957039465445803e-06,1.9957039465445803e-06,13.12451171875,-13.125,-0.00048828125,0,1.0,1,1104
3130,post_defer,defer,1,0.9999967096321615,3.2903678385265422e-06,3.2903678385265422e-06,12.624507904052734,-12.625,-0.000492095947265625,0,1.0,1,1098
3131,post_defer,defer,1,0.997190023247682,0.0028099767523179775,0.0028099767523179775,5.87176513671875,-5.875,-0.00323486328125,0,1.0,1,424
3132,post_defer,defer,1,0.9999251230755563,7.487692444374527e-05,7.487692444374527e-05,9.499589920043945,-9.5,-0.0004100799560546875,0,1.0,1,401
3133,post_defer,defer,1,0.9999967098204319,3.2901795681272716e-06,3.2901795681272716e-06,12.624565124511719,-12.625,-0.00043487548828125,0,0.0,1,293
3134,post_defer,defer,1,0.9771864812836849,0.022813518716315095,0.022813518716315095,3.75732421875,-3.78125,-0.02392578125,0,0.0,1,657
3135,post_defer,defer,1,0.9980688294561534,0.0019311705438466165,0.0019311705438466165,6.2476959228515625,-6.25,-0.0023040771484375,0,1.0,1,385
3136,post_defer,defer,1,0.999948529914565,5.147008543504583e-05,5.147008543504583e-05,9.874458312988281,-9.875,-0.00054168701171875,0,1.0,1,737
3137,post_defer,defer,1,0.9040592478879267,0.09594075211207331,0.09594075211207331,2.2431640625,-2.34375,-0.1005859375,0,1.0,1,415
3138,post_defer,defer,1,0.9932597112343099,0.006740288765690106,0.006740288765690106,4.992889404296875,-5.0,-0.007110595703125,0,0.0,1,546
3139,post_defer,defer,1,0.9988282863459923,0.0011717136540077,0.0011717136540077,6.748115539550781,-6.75,-0.00188446044921875,0,1.0,1,875
3140,post_defer,defer,1,0.9040592478879267,0.09594075211207331,0.09594075211207331,2.2431640625,-2.34375,-0.1005859375,0,1.0,1,411
3141,post_defer,defer,1,0.9999945747396275,5.425260372504681e-06,5.425260372504681e-06,12.124439239501953,-12.125,-0.000560760498046875,0,0.0,1,1161
3142,post_defer,defer,1,0.9999986282842654,1.371715734554968e-06,1.371715734554968e-06,13.499446868896484,-13.5,-0.000553131103515625,0,1.0,1,427
3143,post_defer,defer,1,0.9888883401086215,0.011111659891378523,0.011111659891378523,4.48858642578125,-4.5,-0.01141357421875,0,0.0,1,393
3144,post_defer,defer,1,0.9707120723590936,0.029287927640906375,0.029287927640906375,3.5008544921875,-3.53125,-0.0303955078125,0,1.0,1,284
3145,post_defer,defer,1,0.9986726434197506,0.0013273565802494058,0.0013273565802494058,6.623237609863281,-6.625,-0.00176239013671875,0,0.0,1,652
3146,post_defer,defer,1,0.9984960591592156,0.0015039408407844235,0.0015039408407844235,6.498161315917969,-6.5,-0.00183868408203125,0,1.0,1,411
3147,post_defer,defer,1,0.9999646305971218,3.5369402878182576e-05,3.5369402878182576e-05,10.249628067016602,-10.25,-0.0003719329833984375,0,0.0,1,808
3148,post_defer,defer,1,0.9040592478879267,0.09594075211207331,0.09594075211207331,2.2431640625,-2.34375,-0.1005859375,0,1.0,1,144
3149,post_defer,defer,1,0.999993033838524,6.96616147599638e-06,6.96616147599638e-06,11.874439239501953,-11.875,-0.000560760498046875,0,1.0,1,547
3150,post_defer,defer,1,0.9999756899315143,2.431006848568895e-05,2.431006848568895e-05,10.624595642089844,-10.625,-0.00040435791015625,0,1.0,1,547
3151,post_defer,defer,1,0.9999646229733886,3.537702661138287e-05,3.537702661138287e-05,10.249412536621094,-10.25,-0.00058746337890625,0,1.0,1,524
3152,post_defer,defer,1,0.9624090334665284,0.037590966533471604,0.037590966533471604,3.24267578125,-3.28125,-0.03857421875,1,1.0,1,350
3153,post_defer,defer,1,0.9997964635970501,0.00020353640294989983,0.00020353640294989983,8.499462127685547,-8.5,-0.000537872314453125,0,1.0,1,383
3154,post_defer,defer,1,0.9996643735284477,0.000335626471552275,0.000335626471552275,7.999176025390625,-8.0,-0.000823974609375,0,0.0,1,402
3155,post_defer,defer,1,0.9822366568273431,0.01776334317265693,0.01776334317265693,4.0126953125,-4.03125,-0.0185546875,0,1.0,1,429
3156,post_defer,defer,1,0.9996643735284477,0.000335626471552275,0.000335626471552275,7.999176025390625,-8.0,-0.000823974609375,0,1.0,1,424
3157,post_defer,defer,1,0.9968157142105686,0.003184285789431418,0.003184285789431418,5.746337890625,-5.75,-0.003662109375,0,1.0,1,251
3158,post_self,self,1,0.4378234991142019,0.5621765008857982,0.5621765008857982,-0.25,-0.578125,-0.828125,0,0.0,1,565
3159,post_defer,defer,1,0.9707155426363641,0.02928445736363594,0.02928445736363594,3.5009765625,-3.53125,-0.0302734375,0,0.0,1,321
3160,post_defer,defer,1,0.9988288130382039,0.001171186961796078,0.001171186961796078,6.748565673828125,-6.75,-0.001434326171875,0,0.0,1,308
3161,post_defer,defer,1,0.9888856571246052,0.011114342875394811,0.011114342875394811,4.48834228515625,-4.5,-0.01165771484375,1,1.0,1,595
3162,post_defer,defer,1,0.9888876694226602,0.011112330577339846,0.011112330577339846,4.488525390625,-4.5,-0.011474609375,0,1.0,1,499
3163,post_defer,defer,1,0.9999785411403497,2.1458859650325124e-05,2.1458859650325124e-05,10.749351501464844,-10.75,-0.00064849853515625,0,0.0,1,476
3164,post_defer,defer,1,0.9999991680119015,8.319880985263595e-07,8.319880985263595e-07,13.999446868896484,-14.0,-0.000553131103515625,0,0.0,1,839
3165,post_defer,defer,1,0.999999428183351,5.718166490309429e-07,5.718166490309429e-07,14.374446868896484,-14.375,-0.000553131103515625,0,1.0,1,687
3166,post_defer,defer,1,0.9975200647061834,0.0024799352938166264,0.0024799352938166264,5.997039794921875,-6.0,-0.002960205078125,0,1.0,1,655
3167,post_defer,defer,1,0.999941676707062,5.8323292937978444e-05,5.8323292937978444e-05,9.74945068359375,-9.75,-0.00054931640625,0,1.0,1,1018
3168,post_defer,defer,1,0.9999938531411582,6.14685884181565e-06,6.14685884181565e-06,11.999563217163086,-12.0,-0.0004367828369140625,0,0.0,1,357
3169,post_defer,defer,1,0.9947511119782222,0.005248888021777809,0.005248888021777809,5.244476318359375,-5.25,-0.005523681640625,0,1.0,1,318
3170,post_defer,defer,1,0.5621765008857981,0.43782349911420193,0.43782349911420193,0.25,-0.828125,-0.578125,1,1.0,1,157
3171,post_defer,defer,1,0.9999810663311397,1.8933668860299235e-05,1.8933668860299235e-05,10.874549865722656,-10.875,-0.00045013427734375,0,1.0,1,428
3172,post_defer,defer,1,0.9999930342902605,6.965709739459314e-06,6.965709739459314e-06,11.874504089355469,-11.875,-0.00049591064453125,0,0.0,1,789
3173,post_defer,defer,1,0.9986727142122601,0.0013272857877398847,0.0013272857877398847,6.623291015625,-6.625,-0.001708984375,0,1.0,1,292
3174,post_self,self,1,0.924039065164378,0.07596093483562205,0.07596093483562205,2.49853515625,-2.578125,-0.07958984375,0,1.0,1,352
3175,post_defer,defer,1,0.9999339183701484,6.608162985155541e-05,6.608162985155541e-05,9.624553680419922,-9.625,-0.000446319580078125,0,1.0,1,751
3176,post_defer,defer,1,0.9996643735284477,0.000335626471552275,0.000335626471552275,7.999176025390625,-8.0,-0.000823974609375,0,1.0,1,390
3177,post_defer,defer,1,0.9999852544383582,1.4745561641826832e-05,1.4745561641826832e-05,11.124553680419922,-11.125,-0.000446319580078125,0,0.0,1,331
3178,post_defer,defer,1,0.9932590982741398,0.006740901725860171,0.006740901725860171,4.9927978515625,-5.0,-0.0072021484375,0,1.0,1,317
3179,post_defer,defer,1,0.9978113600906224,0.0021886399093775655,0.0021886399093775655,6.122283935546875,-6.125,-0.002716064453125,0,1.0,1,1063
3180,post_defer,defer,1,0.9399133498259924,0.060086650174007605,0.060086650174007605,2.75,-2.8125,-0.0625,0,1.0,1,485
3181,post_defer,defer,1,0.999999057158551,9.428414490253445e-07,9.428414490253445e-07,13.874366760253906,-13.875,-0.00063323974609375,0,0.0,1,1484
3182,post_defer,defer,1,0.9932590982741398,0.006740901725860171,0.006740901725860171,4.9927978515625,-5.0,-0.0072021484375,0,1.0,1,479
3183,post_defer,defer,1,0.924039065164378,0.07596093483562205,0.07596093483562205,2.49853515625,-2.578125,-0.07958984375,1,1.0,1,255
3184,post_defer,defer,1,0.9999984456427211,1.5543572788878635e-06,1.5543572788878635e-06,13.374446868896484,-13.375,-0.000553131103515625,0,1.0,1,780
3185,post_defer,defer,1,0.99982036244172,0.00017963755827998806,0.00017963755827998806,8.6243896484375,-8.625,-0.0006103515625,0,1.0,1,430
3186,post_defer,defer,1,0.9999785453555864,2.145464441360989e-05,2.145464441360989e-05,10.749547958374023,-10.75,-0.0004520416259765625,0,0.0,1,582
3187,post_defer,defer,1,0.9707120723590936,0.029287927640906375,0.029287927640906375,3.5008544921875,-3.53125,-0.0303955078125,0,0.0,1,721
3188,post_defer,defer,1,0.9999984457435175,1.5542564825166139e-06,1.5542564825166139e-06,13.37451171875,-13.375,-0.00048828125,0,1.0,1,653
3189,post_defer,defer,1,0.9932590982741398,0.006740901725860171,0.006740901725860171,4.9927978515625,-5.0,-0.0072021484375,0,1.0,1,353
3190,post_defer,defer,1,0.9707155426363641,0.02928445736363594,0.02928445736363594,3.5009765625,-3.53125,-0.0302734375,0,0.0,1,619
3191,post_defer,defer,1,0.9999339113119586,6.60886880413658e-05,6.60886880413658e-05,9.624446868896484,-9.625,-0.000553131103515625,0,1.0,1,524
3192,post_defer,defer,1,0.4378234991142019,0.5621765008857982,0.5621765008857982,-0.25,-0.578125,-0.828125,1,1.0,1,353
3193,post_defer,defer,1,0.9947496777002385,0.005250322299761523,0.005250322299761523,5.24420166015625,-5.25,-0.00579833984375,0,1.0,1,289
3194,post_defer,defer,1,0.9999921072757397,7.89272426027221e-06,7.89272426027221e-06,11.749561309814453,-11.75,-0.000438690185546875,0,0.0,1,345
3195,post_defer,defer,1,0.8523219402958387,0.14767805970416126,0.14767805970416126,1.7529296875,-1.9140625,-0.1611328125,0,1.0,1,389
3196,post_defer,defer,1,0.8804891362585583,0.11951086374144171,0.11951086374144171,1.9970703125,-2.125,-0.1279296875,0,1.0,1,375
3197,post_defer,defer,1,0.9999974374570858,2.56254291419733e-06,2.56254291419733e-06,12.874507904052734,-12.875,-0.000492095947265625,0,0.0,1,802
3198,post_defer,defer,1,0.9999989315392909,1.0684607091304699e-06,1.0684607091304699e-06,13.749290466308594,-13.75,-0.00070953369140625,0,1.0,1,915
3199,post_defer,defer,1,0.9996197067282285,0.0003802932717714702,0.0003802932717714702,7.874187469482422,-7.875,-0.000812530517578125,0,0.0,1,830
3200,post_defer,defer,1,0.9771892024462275,0.022810797553772466,0.022810797553772466,3.7574462890625,-3.78125,-0.0238037109375,1,1.0,1,312
3201,post_defer,defer,1,0.9999339067741526,6.609322584738564e-05,6.609322584738564e-05,9.624378204345703,-9.625,-0.000621795654296875,0,1.0,1,634
3202,post_defer,defer,1,0.9999251157921111,7.488420788892558e-05,7.488420788892558e-05,9.499492645263672,-9.5,-0.000507354736328125,0,1.0,1,267
3203,post_defer,defer,1,0.9997693129898664,0.00023068701013362336,0.00023068701013362336,8.374217987060547,-8.375,-0.000782012939453125,0,1.0,1,740
3204,post_defer,defer,1,0.9980684764989546,0.001931523501045418,0.001931523501045418,6.2475128173828125,-6.25,-0.0024871826171875,0,1.0,1,315
3205,post_defer,defer,1,0.6800292550948656,0.31997074490513444,0.31997074490513444,0.75390625,-1.140625,-0.38671875,0,1.0,1,264
3206,post_defer,defer,1,0.9999869863700019,1.3013629998059884e-05,1.3013629998059884e-05,11.249500274658203,-11.25,-0.000499725341796875,0,1.0,1,582
3207,post_defer,defer,1,0.6800292550948656,0.31997074490513444,0.31997074490513444,0.75390625,-1.140625,-0.38671875,0,1.0,1,264
3208,post_defer,defer,1,0.9999995546975684,4.453024315953513e-07,4.453024315953513e-07,14.62451171875,-14.625,-0.00048828125,0,0.0,1,423
3209,post_defer,defer,1,0.9999930342902605,6.965709739459314e-06,6.965709739459314e-06,11.874504089355469,-11.875,-0.00049591064453125,0,1.0,1,408
3210,post_self,self,1,0.8804891362585583,0.11951086374144171,0.11951086374144171,1.9970703125,-2.125,-0.1279296875,1,1.0,1,169
3211,post_defer,defer,1,0.9999599152124059,4.008478759409684e-05,4.008478759409684e-05,10.124473571777344,-10.125,-0.00052642822265625,0,1.0,1,466
3212,post_defer,defer,1,0.9947503152052438,0.005249684794756182,0.005249684794756182,5.24432373046875,-5.25,-0.00567626953125,0,1.0,1,328
3213,post_defer,defer,1,0.9932597112343099,0.006740288765690106,0.006740288765690106,4.992889404296875,-5.0,-0.007110595703125,0,0.0,1,479
3214,post_defer,defer,1,0.9999810640198036,1.893598019642173e-05,1.893598019642173e-05,10.874427795410156,-10.875,-0.00057220458984375,0,1.0,1,408
3215,post_defer,defer,1,0.9999989316248802,1.0683751198170555e-06,1.0683751198170555e-06,13.749370574951172,-13.75,-0.000629425048828125,0,1.0,1,920
3216,post_defer,defer,1,0.9991948222277841,0.0008051777722158926,0.0008051777722158926,7.1236419677734375,-7.125,-0.0013580322265625,0,0.0,1,607
3217,post_defer,defer,1,0.99982036244172,0.00017963755827998806,0.00017963755827998806,8.6243896484375,-8.625,-0.0006103515625,0,1.0,1,368
3218,post_defer,defer,1,0.9932597112343099,0.006740288765690106,0.006740288765690106,4.992889404296875,-5.0,-0.007110595703125,0,1.0,1,374
3219,post_defer,defer,1,0.9988284738398235,0.0011715261601764615,0.0011715261601764615,6.7482757568359375,-6.75,-0.0017242431640625,0,1.0,1,482
3220,post_defer,defer,1,0.7769615827831184,0.22303841721688156,0.22303841721688156,1.248046875,-1.5,-0.251953125,0,1.0,1,342
3221,post_defer,defer,1,0.9932586896032689,0.006741310396731093,0.006741310396731093,4.99273681640625,-5.0,-0.00726318359375,0,1.0,1,403
3222,post_defer,defer,1,0.9990876144985362,0.000912385501463775,0.000912385501463775,6.99853515625,-7.0,-0.00146484375,0,0.0,1,745
3223,post_defer,defer,1,0.9524747629309368,0.0475252370690632,0.0475252370690632,2.997802734375,-3.046875,-0.049072265625,1,1.0,1,365
3224,post_defer,defer,1,0.9888856571246052,0.011114342875394811,0.011114342875394811,4.48834228515625,-4.5,-0.01165771484375,0,1.0,1,313
3225,post_defer,defer,1,0.9991949204309626,0.0008050795690374146,0.0008050795690374146,7.1237640380859375,-7.125,-0.0012359619140625,0,0.0,1,678
3226,post_defer,defer,1,0.9999974374570858,2.56254291419733e-06,2.56254291419733e-06,12.874507904052734,-12.875,-0.000492095947265625,0,0.0,1,1012
3227,post_defer,defer,1,0.9999151404192415,8.485958075854505e-05,8.485958075854505e-05,9.374427795410156,-9.375,-0.00057220458984375,0,1.0,1,602
3228,post_defer,defer,1,0.999948526576801,5.1473423198999946e-05,5.1473423198999946e-05,9.874393463134766,-9.875,-0.000606536865234375,0,0.0,1,800
3229,post_defer,defer,1,0.9998600979058211,0.00013990209417891197,0.00013990209417891197,8.874427795410156,-8.875,-0.00057220458984375,0,1.0,1,529
3230,post_self,self,1,0.4378234991142019,0.5621765008857982,0.5621765008857982,-0.25,-0.578125,-0.828125,0,1.0,1,442
3231,post_self,self,1,0.2693256023055673,0.7306743976944328,0.7306743976944328,-0.998046875,-0.314453125,-1.3125,0,1.0,1,259
3232,post_defer,defer,1,0.9996196849753265,0.0003803150246735054,0.0003803150246735054,7.8741302490234375,-7.875,-0.0008697509765625,0,1.0,1,315
3233,post_defer,defer,1,0.9990872249579974,0.0009127750420026004,0.0009127750420026004,6.99810791015625,-7.0,-0.00189208984375,0,1.0,1,878
3234,post_defer,defer,1,0.9998203405159085,0.0001796594840914878,0.0001796594840914878,8.624267578125,-8.625,-0.000732421875,0,1.0,1,516
3235,post_defer,defer,1,0.9999945747603232,5.425239676837279e-06,5.425239676837279e-06,12.124443054199219,-12.125,-0.00055694580078125,0,0.0,1,634
3236,post_defer,defer,1,0.9999785411403497,2.1458859650325124e-05,2.1458859650325124e-05,10.749351501464844,-10.75,-0.00064849853515625,0,0.0,1,255
3237,post_defer,defer,1,0.8804891362585583,0.11951086374144171,0.11951086374144171,1.9970703125,-2.125,-0.1279296875,0,1.0,1,196
3238,post_defer,defer,1,0.9999974372909003,2.562709099707128e-06,2.562709099707128e-06,12.874443054199219,-12.875,-0.00055694580078125,0,1.0,1,528
3239,post_defer,defer,1,0.9999339113119586,6.60886880413658e-05,6.60886880413658e-05,9.624446868896484,-9.625,-0.000553131103515625,0,0.0,1,672
3240,post_defer,defer,1,0.9999687836836039,3.121631639613209e-05,3.121631639613209e-05,10.37453842163086,-10.375,-0.000461578369140625,0,0.0,1,503
3241,post_defer,defer,1,0.9998600899014499,0.00013991009855007785,0.00013991009855007785,8.874370574951172,-8.875,-0.000629425048828125,0,1.0,1,349
3242,post_defer,defer,1,0.9932590982741398,0.006740901725860171,0.006740901725860171,4.9927978515625,-5.0,-0.0072021484375,0,0.0,1,500
3243,post_defer,defer,1,0.9932590982741398,0.006740901725860171,0.006740901725860171,4.9927978515625,-5.0,-0.0072021484375,0,0.0,1,500
3244,post_defer,defer,1,0.9999952125319488,4.787468051214994e-06,4.787468051214994e-06,12.249504089355469,-12.25,-0.00049591064453125,0,0.0,1,752
3245,post_self,self,1,0.18227991814270542,0.8177200818572946,0.8177200818572946,-1.5009765625,-0.2021484375,-1.703125,1,1.0,1,277
3246,post_defer,defer,1,0.9963913957752295,0.0036086042247704953,0.0036086042247704953,5.620819091796875,-5.625,-0.004180908203125,1,1.0,1,419
3247,post_self,self,1,0.3203958736819564,0.6796041263180437,0.6796041263180437,-0.751953125,-0.388671875,-1.140625,1,1.0,1,76
3248,post_self,self,1,0.1476780597041612,0.8523219402958389,0.8523219402958389,-1.7529296875,-0.1611328125,-1.9140625,1,1.0,1,214
3249,post_self,self,1,0.04753628970327314,0.9524637102967268,0.9524637102967268,-2.99755859375,-0.04931640625,-3.046875,1,1.0,1,189
3250,post_defer,defer,1,0.7306743976944328,0.26932560230556724,0.26932560230556724,0.998046875,-1.3125,-0.314453125,0,1.0,1,202
3251,post_defer,defer,1,0.9999785372927119,2.1462707288089078e-05,2.1462707288089078e-05,10.74917221069336,-10.75,-0.000827789306640625,0,1.0,1,468
3252,post_self,self,1,0.005251597540805072,0.9947484024591949,0.9947484024591949,-5.24395751953125,-0.00604248046875,-5.25,1,1.0,1,148
3253,post_self,self,1,0.003185012376440006,0.99681498762356,0.99681498762356,-5.7461090087890625,-0.0038909912109375,-5.75,1,1.0,1,205
3254,post_defer,defer,1,0.7306743976944328,0.26932560230556724,0.26932560230556724,0.998046875,-1.3125,-0.314453125,0,1.0,1,190
3255,post_defer,defer,1,0.9932580765508229,0.006741923449177123,0.006741923449177123,4.992645263671875,-5.0,-0.007354736328125,0,1.0,1,317
3256,post_defer,defer,1,0.5,0.5,0.5,0.0,-0.6953125,-0.6953125,0,1.0,1,272
3257,post_self,self,1,0.017771864615927137,0.9822281353840728,0.9822281353840728,-4.01220703125,-0.01904296875,-4.03125,1,1.0,1,157
3258,post_self,self,1,0.11951086374144179,0.8804891362585582,0.8804891362585582,-1.9970703125,-0.1279296875,-2.125,1,1.0,1,101
3259,post_self,self,1,0.1476780597041612,0.8523219402958389,0.8523219402958389,-1.7529296875,-0.1611328125,-1.9140625,1,1.0,1,177
3260,post_self,self,1,0.11951086374144179,0.8804891362585582,0.8804891362585582,-1.9970703125,-0.1279296875,-2.125,1,0.0,1,85
3261,post_self,self,1,0.11951086374144179,0.8804891362585582,0.8804891362585582,-1.9970703125,-0.1279296875,-2.125,1,1.0,1,86
3262,post_defer,defer,1,0.8804891362585583,0.11951086374144171,0.11951086374144171,1.9970703125,-2.125,-0.1279296875,1,1.0,1,323
3263,post_self,self,1,0.07596093483562215,0.9240390651643778,0.9240390651643778,-2.49853515625,-0.07958984375,-2.578125,1,1.0,1,194
3264,post_defer,defer,1,0.5621765008857981,0.43782349911420193,0.43782349911420193,0.25,-0.828125,-0.578125,1,1.0,1,343
3265,post_defer,defer,1,0.7306743976944328,0.26932560230556724,0.26932560230556724,0.998046875,-1.3125,-0.314453125,1,1.0,1,376
3266,post_self,self,1,0.18227991814270542,0.8177200818572946,0.8177200818572946,-1.5009765625,-0.2021484375,-1.703125,1,1.0,1,202
3267,post_self,self,1,0.014272485251157903,0.9857275147488421,0.9857275147488421,-4.23504638671875,-0.01495361328125,-4.25,0,1.0,1,147
3268,post_self,self,1,0.00020377485791506176,0.999796225142085,0.999796225142085,-8.498291015625,-0.001708984375,-8.5,1,1.0,1,54
3269,post_defer,defer,1,0.5621765008857981,0.43782349911420193,0.43782349911420193,0.25,-0.828125,-0.578125,1,1.0,1,111
3270,post_defer,defer,1,0.9953652954793213,0.004634704520678712,0.004634704520678712,5.369537353515625,-5.375,-0.005462646484375,1,1.0,1,269
3271,post_self,self,1,0.18227991814270542,0.8177200818572946,0.8177200818572946,-1.5009765625,-0.2021484375,-1.703125,0,1.0,1,240
3272,post_self,self,1,0.11951086374144179,0.8804891362585582,0.8804891362585582,-1.9970703125,-0.1279296875,-2.125,1,1.0,1,122
3273,post_self,self,1,6.615603080375935e-05,0.9999338439691963,0.9999338439691963,-9.623428344726562,-0.0015716552734375,-9.625,1,1.0,1,96
3274,post_self,self,1,0.002480992433579587,0.9975190075664204,0.9975190075664204,-5.996612548828125,-0.003387451171875,-6.0,1,1.0,1,148
3275,post_self,self,1,0.0031856422188579975,0.996814357781142,0.996814357781142,-5.74591064453125,-0.00408935546875,-5.75,1,1.0,1,61
3276,post_self,self,1,0.07599521481895795,0.924004785181042,0.924004785181042,-2.498046875,-0.080078125,-2.578125,1,1.0,1,272
3277,post_defer,defer,1,0.9995688646391578,0.00043113536084216086,0.00043113536084216086,7.7486572265625,-7.75,-0.0013427734375,0,0.0,1,204
3278,post_defer,defer,1,0.9629528313309248,0.0370471686690752,0.0370471686690752,3.2578125,-3.296875,-0.0390625,0,1.0,1,127
3279,post_self,self,1,0.011117697506194093,0.9888823024938059,0.9888823024938059,-4.488037109375,-0.011962890625,-4.5,1,1.0,1,46
3280,post_self,self,1,0.00015876771653149837,0.9998412322834686,0.9998412322834686,-8.747909545898438,-0.0020904541015625,-8.75,1,1.0,1,43
3281,post_defer,defer,1,0.5,0.5,0.5,0.0,-0.6953125,-0.6953125,1,1.0,1,180
3282,post_defer,defer,1,0.9822260043961524,0.017773995603847625,0.017773995603847625,4.0120849609375,-4.03125,-0.0191650390625,0,1.0,1,122
3283,post_defer,defer,1,0.9978107601963516,0.0021892398036483796,0.0021892398036483796,6.12200927734375,-6.125,-0.00299072265625,0,1.0,1,240
3284,post_defer,defer,1,0.8804891362585583,0.11951086374144171,0.11951086374144171,1.9970703125,-2.125,-0.1279296875,0,0.0,1,389
3285,post_self,self,1,0.1476780597041612,0.8523219402958389,0.8523219402958389,-1.7529296875,-0.1611328125,-1.9140625,1,1.0,1,236
3286,post_defer,defer,1,0.9913390687718212,0.008660931228178792,0.008660931228178792,4.740234375,-4.75,-0.009765625,0,1.0,1,61
3287,post_self,self,1,0.18227991814270542,0.8177200818572946,0.8177200818572946,-1.5009765625,-0.2021484375,-1.703125,1,1.0,1,53
3288,post_self,self,1,0.4378234991142019,0.5621765008857982,0.5621765008857982,-0.25,-0.578125,-0.828125,1,1.0,1,148
3289,post_defer,defer,1,0.9913411646921455,0.008658835307854496,0.008658835307854496,4.740478515625,-4.75,-0.009521484375,1,1.0,1,206
3290,post_self,self,1,0.029298340865850783,0.9707016591341492,0.9707016591341492,-3.50048828125,-0.03076171875,-3.53125,1,1.0,1,47
3291,post_defer,defer,1,0.8804891362585583,0.11951086374144171,0.11951086374144171,1.9970703125,-2.125,-0.1279296875,0,1.0,1,248
3292,post_self,self,1,0.18227991814270542,0.8177200818572946,0.8177200818572946,-1.5009765625,-0.2021484375,-1.703125,1,1.0,1,183
3293,post_self,self,1,0.0031865145133300023,0.99681348548667,0.99681348548667,-5.745635986328125,-0.004364013671875,-5.75,1,1.0,1,59
3294,post_self,self,1,0.37708178707321444,0.6229182129267856,0.6229182129267856,-0.501953125,-0.474609375,-0.9765625,0,1.0,1,49
3295,post_defer,defer,1,0.776622938216557,0.22337706178344297,0.22337706178344297,1.24609375,-1.5,-0.25390625,1,1.0,1,107
3296,post_self,self,1,0.1476780597041612,0.8523219402958389,0.8523219402958389,-1.7529296875,-0.1611328125,-1.9140625,1,1.0,1,116
3297,post_self,self,1,0.006743762938769671,0.9932562370612303,0.9932562370612303,-4.99237060546875,-0.00762939453125,-5.0,1,1.0,1,70
3298,post_self,self,1,5.84070026965966e-05,0.9999415929973035,0.9999415929973035,-9.748016357421875,-0.001983642578125,-9.75,1,1.0,1,41
3299,post_self,self,1,0.18227991814270542,0.8177200818572946,0.8177200818572946,-1.5009765625,-0.2021484375,-1.703125,0,1.0,1,69
3300,post_self,self,1,0.07599521481895795,0.924004785181042,0.924004785181042,-2.498046875,-0.080078125,-2.578125,1,1.0,1,127
3301,post_defer,defer,1,0.8177200818572946,0.1822799181427054,0.1822799181427054,1.5009765625,-1.703125,-0.2021484375,1,1.0,1,268
3302,post_self,self,1,0.4378234991142019,0.5621765008857982,0.5621765008857982,-0.25,-0.578125,-0.828125,1,1.0,1,142
3303,post_self,self,1,0.22303841721688147,0.7769615827831186,0.7769615827831186,-1.248046875,-0.251953125,-1.5,1,1.0,1,106
3304,post_defer,defer,1,0.6229182129267856,0.3770817870732144,0.3770817870732144,0.501953125,-0.9765625,-0.474609375,1,1.0,1,364
3305,post_self,self,1,0.0031856422188579975,0.996814357781142,0.996814357781142,-5.74591064453125,-0.00408935546875,-5.75,1,1.0,1,101
3306,post_self,self,1,0.4378234991142019,0.5621765008857982,0.5621765008857982,-0.25,-0.578125,-0.828125,1,1.0,1,272
3307,post_defer,defer,1,0.9932568502798083,0.006743149720191743,0.006743149720191743,4.992462158203125,-5.0,-0.007537841796875,1,1.0,1,77
3308,post_defer,defer,1,0.9857223616906484,0.014277638309351581,0.014277638309351581,4.23468017578125,-4.25,-0.01531982421875,1,1.0,1,206
3309,post_self,self,1,0.18227991814270542,0.8177200818572946,0.8177200818572946,-1.5009765625,-0.2021484375,-1.703125,0,1.0,1,159
3310,post_defer,defer,1,0.8804891362585583,0.11951086374144171,0.11951086374144171,1.9970703125,-2.125,-0.1279296875,0,1.0,1,106
3311,post_self,self,1,0.03759980002230799,0.962400199977692,0.962400199977692,-3.242431640625,-0.038818359375,-3.28125,1,1.0,1,65
3312,post_defer,defer,1,0.9923582312801852,0.007641768719814812,0.007641768719814812,4.866455078125,-4.875,-0.008544921875,0,1.0,1,225
3313,post_defer,defer,1,0.9040168879082324,0.09598311209176758,0.09598311209176758,2.24267578125,-2.34375,-0.10107421875,0,1.0,1,199
3314,post_defer,defer,1,0.5621765008857981,0.43782349911420193,0.43782349911420193,0.25,-0.828125,-0.578125,1,1.0,1,313
3315,post_defer,defer,1,0.9984951996464523,0.0015048003535477195,0.0015048003535477195,6.497589111328125,-6.5,-0.002410888671875,0,1.0,1,297
3316,post_self,self,1,0.5621765008857981,0.43782349911420193,0.43782349911420193,0.25,-0.828125,-0.578125,0,1.0,1,180
3317,post_self,self,1,0.11951086374144179,0.8804891362585582,0.8804891362585582,-1.9970703125,-0.1279296875,-2.125,1,1.0,1,62
3318,post_defer,defer,1,0.8177200818572946,0.1822799181427054,0.1822799181427054,1.5009765625,-1.703125,-0.2021484375,0,1.0,1,176
3319,post_self,self,1,0.37708178707321444,0.6229182129267856,0.6229182129267856,-0.501953125,-0.474609375,-0.9765625,1,1.0,1,226
3320,post_defer,defer,1,0.9624001999776919,0.037599800022308116,0.037599800022308116,3.242431640625,-3.28125,-0.038818359375,1,1.0,1,444
3321,post_defer,defer,1,0.9398857676105103,0.06011423238948965,0.06011423238948965,2.74951171875,-2.8125,-0.06298828125,0,0.0,1,95
3322,post_self,self,1,0.4378234991142019,0.5621765008857982,0.5621765008857982,-0.25,-0.578125,-0.828125,0,1.0,1,61
3323,post_defer,defer,1,0.924004785181042,0.07599521481895799,0.07599521481895799,2.498046875,-2.578125,-0.080078125,0,1.0,1,121
3324,post_self,self,1,0.5621765008857981,0.43782349911420193,0.43782349911420193,0.25,-0.828125,-0.578125,1,1.0,1,73
3325,post_defer,defer,1,0.776622938216557,0.22337706178344297,0.22337706178344297,1.24609375,-1.5,-0.25390625,1,1.0,1,194
3326,post_self,self,1,0.6796041263180436,0.32039587368195643,0.32039587368195643,0.751953125,-1.140625,-0.388671875,0,1.0,1,871
3327,post_self,self,1,0.09598311209176767,0.9040168879082323,0.9040168879082323,-2.24267578125,-0.10107421875,-2.34375,1,1.0,1,242
3328,post_defer,defer,1,0.9968149876235599,0.0031850123764400884,0.0031850123764400884,5.7461090087890625,-5.75,-0.0038909912109375,0,0.0,1,58
3329,post_defer,defer,1,0.9524637102967268,0.04753628970327317,0.04753628970327317,2.99755859375,-3.046875,-0.04931640625,1,1.0,1,69
3330,post_self,self,1,0.2693256023055673,0.7306743976944328,0.7306743976944328,-0.998046875,-0.314453125,-1.3125,1,1.0,1,87
3331,post_self,self,1,0.1476780597041612,0.8523219402958389,0.8523219402958389,-1.7529296875,-0.1611328125,-1.9140625,0,1.0,1,85
3332,post_defer,defer,1,0.924039065164378,0.07596093483562205,0.07596093483562205,2.49853515625,-2.578125,-0.07958984375,0,1.0,1,199
3333,post_self,self,1,0.6796041263180436,0.32039587368195643,0.32039587368195643,0.751953125,-1.140625,-0.388671875,1,1.0,1,220
3334,post_defer,defer,1,0.9992888781020891,0.0007111218979108935,0.0007111218979108935,7.247955322265625,-7.25,-0.002044677734375,0,1.0,1,337
3335,post_defer,defer,1,0.924039065164378,0.07596093483562205,0.07596093483562205,2.49853515625,-2.578125,-0.07958984375,0,1.0,1,144
3336,post_defer,defer,1,0.9913401167948381,0.008659883205161867,0.008659883205161867,4.7403564453125,-4.75,-0.0096435546875,0,0.0,1,249
3337,post_defer,defer,1,0.8177200818572946,0.1822799181427054,0.1822799181427054,1.5009765625,-1.703125,-0.2021484375,0,1.0,1,185
3338,post_defer,defer,1,0.9999921034812052,7.896518794847651e-06,7.896518794847651e-06,11.749080657958984,-11.75,-0.000919342041015625,0,1.0,1,572
3339,post_self,self,1,0.4378234991142019,0.5621765008857982,0.5621765008857982,-0.25,-0.578125,-0.828125,1,1.0,1,312
3340,post_self,self,1,0.3203958736819564,0.6796041263180437,0.6796041263180437,-0.751953125,-0.388671875,-1.140625,1,1.0,1,200
3341,post_self,self,1,0.3203958736819564,0.6796041263180437,0.6796041263180437,-0.751953125,-0.388671875,-1.140625,1,1.0,1,260
3342,post_self,self,1,0.047558402298542496,0.9524415977014575,0.9524415977014575,-2.9970703125,-0.0498046875,-3.046875,0,0.0,1,50
3343,post_self,self,1,0.37708178707321444,0.6229182129267856,0.6229182129267856,-0.501953125,-0.474609375,-0.9765625,1,1.0,1,154
3344,post_defer,defer,1,0.5,0.5,0.5,0.0,-0.6953125,-0.6953125,0,1.0,1,58
3345,post_defer,defer,1,0.9997963463462668,0.00020365365373320454,0.00020365365373320454,8.498886108398438,-8.5,-0.0011138916015625,0,1.0,1,201
3346,post_self,self,1,0.5,0.5,0.5,0.0,-0.6953125,-0.6953125,1,1.0,1,59
3347,post_defer,defer,1,0.9975190075664205,0.0024809924335794653,0.0024809924335794653,5.996612548828125,-6.0,-0.003387451171875,0,1.0,1,135
3348,post_defer,defer,1,0.9040168879082324,0.09598311209176758,0.09598311209176758,2.24267578125,-2.34375,-0.10107421875,0,1.0,1,128
3349,post_defer,defer,1,0.5621765008857981,0.43782349911420193,0.43782349911420193,0.25,-0.828125,-0.578125,1,1.0,1,107
3350,post_defer,defer,1,0.9989661312957632,0.0010338687042368289,0.0010338687042368289,6.8734130859375,-6.875,-0.0015869140625,0,1.0,1,207
3351,post_self,self,1,0.6796041263180436,0.32039587368195643,0.32039587368195643,0.751953125,-1.140625,-0.388671875,1,1.0,1,199
3352,post_self,self,1,0.22303841721688147,0.7769615827831186,0.7769615827831186,-1.248046875,-0.251953125,-1.5,1,1.0,1,234
3353,post_self,self,1,0.22303841721688147,0.7769615827831186,0.7769615827831186,-1.248046875,-0.251953125,-1.5,0,1.0,1,161
3354,post_defer,defer,1,0.9999339070262612,6.609297373882939e-05,6.609297373882939e-05,9.624382019042969,-9.625,-0.00061798095703125,0,1.0,1,145
3355,post_defer,defer,1,0.9398857676105103,0.06011423238948965,0.06011423238948965,2.74951171875,-2.8125,-0.06298828125,0,1.0,1,154
3356,post_defer,defer,1,0.7769615827831184,0.22303841721688156,0.22303841721688156,1.248046875,-1.5,-0.251953125,1,1.0,1,396
3357,post_self,self,1,0.4378234991142019,0.5621765008857982,0.5621765008857982,-0.25,-0.578125,-0.828125,1,1.0,1,98
3358,post_defer,defer,1,0.9888809603611838,0.01111903963881622,0.01111903963881622,4.4879150390625,-4.5,-0.0120849609375,0,1.0,1,183
3359,post_defer,defer,1,0.9968130007757564,0.003186999224243592,0.003186999224243592,5.7454833984375,-5.75,-0.0045166015625,1,1.0,1,206
3360,post_defer,defer,1,0.9913443076299611,0.008655692370038937,0.008655692370038937,4.7408447265625,-4.75,-0.0091552734375,0,1.0,1,176
3361,post_self,self,1,0.18227991814270542,0.8177200818572946,0.8177200818572946,-1.5009765625,-0.2021484375,-1.703125,1,1.0,1,81
3362,post_self,self,1,0.31997074490513444,0.6800292550948656,0.6800292550948656,-0.75390625,-0.38671875,-1.140625,1,1.0,1,323
3363,post_defer,defer,1,0.9988280273766654,0.0011719726233345718,0.0011719726233345718,6.747894287109375,-6.75,-0.002105712890625,0,1.0,1,207
3364,post_defer,defer,1,0.8523219402958387,0.14767805970416126,0.14767805970416126,1.7529296875,-1.9140625,-0.1611328125,0,1.0,1,289
3365,post_self,self,1,0.022818961992542502,0.9771810380074575,0.9771810380074575,-3.757080078125,-0.024169921875,-3.78125,0,1.0,1,61
3366,post_defer,defer,1,0.6229182129267856,0.3770817870732144,0.3770817870732144,0.501953125,-0.9765625,-0.474609375,0,1.0,1,69
3367,post_self,self,1,0.1476780597041612,0.8523219402958389,0.8523219402958389,-1.7529296875,-0.1611328125,-1.9140625,0,1.0,1,80
3368,post_defer,defer,1,0.9857309491026474,0.014269050897352642,0.014269050897352642,4.23529052734375,-4.25,-0.01470947265625,0,1.0,1,220
3369,post_defer,defer,1,0.7306743976944328,0.26932560230556724,0.26932560230556724,0.998046875,-1.3125,-0.314453125,0,1.0,1,169
3370,post_defer,defer,1,0.8804891362585583,0.11951086374144171,0.11951086374144171,1.9970703125,-2.125,-0.1279296875,0,1.0,1,182
3371,post_defer,defer,1,0.8177200818572946,0.1822799181427054,0.1822799181427054,1.5009765625,-1.703125,-0.2021484375,0,1.0,1,147
3372,post_self,self,1,0.5621765008857981,0.43782349911420193,0.43782349911420193,0.25,-0.828125,-0.578125,0,1.0,1,495
3373,post_defer,defer,1,0.5,0.5,0.5,0.0,-0.6953125,-0.6953125,0,1.0,1,220
3374,post_defer,defer,1,0.9999038345143967,9.616548560331672e-05,9.616548560331672e-05,9.249343872070312,-9.25,-0.0006561279296875,0,1.0,1,919
3375,post_defer,defer,1,0.9978107601963516,0.0021892398036483796,0.0021892398036483796,6.12200927734375,-6.125,-0.00299072265625,0,0.0,1,390
3376,post_self,self,1,0.09598311209176767,0.9040168879082323,0.9040168879082323,-2.24267578125,-0.10107421875,-2.34375,0,1.0,1,140
3377,post_defer,defer,1,0.8523219402958387,0.14767805970416126,0.14767805970416126,1.7529296875,-1.9140625,-0.1611328125,0,0.0,1,244
3378,post_self,self,1,0.18227991814270542,0.8177200818572946,0.8177200818572946,-1.5009765625,-0.2021484375,-1.703125,1,1.0,1,66
3379,post_defer,defer,1,0.9771810380074576,0.022818961992542408,0.022818961992542408,3.757080078125,-3.78125,-0.024169921875,0,1.0,1,231
3380,post_defer,defer,1,0.6796041263180436,0.32039587368195643,0.32039587368195643,0.751953125,-1.140625,-0.388671875,0,1.0,1,121
3381,post_defer,defer,1,0.37708178707321444,0.6229182129267856,0.6229182129267856,-0.501953125,-0.474609375,-0.9765625,1,1.0,1,281
3382,post_defer,defer,1,0.9982946079713237,0.0017053920286762558,0.0017053920286762558,6.37225341796875,-6.375,-0.00274658203125,0,1.0,1,314
3383,post_defer,defer,1,0.6229182129267856,0.3770817870732144,0.3770817870732144,0.501953125,-0.9765625,-0.474609375,1,1.0,1,272
3384,post_defer,defer,1,0.8523219402958387,0.14767805970416126,0.14767805970416126,1.7529296875,-1.9140625,-0.1611328125,1,0.0,1,124
3385,post_defer,defer,1,0.9932546015408941,0.0067453984591059335,0.0067453984591059335,4.99212646484375,-5.0,-0.00787353515625,0,1.0,1,278
3386,post_defer,defer,1,0.7306743976944328,0.26932560230556724,0.26932560230556724,0.998046875,-1.3125,-0.314453125,1,1.0,1,380
3387,post_self,self,1,0.2693256023055673,0.7306743976944328,0.7306743976944328,-0.998046875,-0.314453125,-1.3125,0,1.0,1,209
3388,post_self,self,1,0.31997074490513444,0.6800292550948656,0.6800292550948656,-0.75390625,-0.38671875,-1.140625,1,1.0,1,466
3389,post_defer,defer,1,0.998495360126059,0.001504639873941005,0.001504639873941005,6.4976959228515625,-6.5,-0.0023040771484375,0,1.0,1,305
3390,post_defer,defer,1,0.9822323966073336,0.017767603392666365,0.017767603392666365,4.012451171875,-4.03125,-0.018798828125,0,0.0,1,115
3391,post_self,self,1,0.5,0.5,0.5,0.0,-0.6953125,-0.6953125,0,1.0,1,176
3392,post_defer,defer,1,0.6800292550948656,0.31997074490513444,0.31997074490513444,0.75390625,-1.140625,-0.38671875,1,0.0,1,279
3393,post_defer,defer,1,0.9932584852586057,0.006741514741394283,0.006741514741394283,4.992706298828125,-5.0,-0.007293701171875,1,1.0,1,373
3394,post_defer,defer,1,0.7306743976944328,0.26932560230556724,0.26932560230556724,0.998046875,-1.3125,-0.314453125,0,1.0,1,110
3395,post_self,self,1,0.22303841721688147,0.7769615827831186,0.7769615827831186,-1.248046875,-0.251953125,-1.5,1,1.0,1,276
3396,post_defer,defer,1,0.8177200818572946,0.1822799181427054,0.1822799181427054,1.5009765625,-1.703125,-0.2021484375,1,1.0,1,113
3397,post_self,self,1,0.5,0.5,0.5,0.0,-0.6953125,-0.6953125,1,1.0,1,125
3398,post_self,self,1,0.6800292550948656,0.31997074490513444,0.31997074490513444,0.75390625,-1.140625,-0.38671875,1,1.0,1,477
3399,post_defer,defer,1,0.9629441207087587,0.03705587929124132,0.03705587929124132,3.257568359375,-3.296875,-0.039306640625,0,1.0,1,127
3400,post_self,self,1,0.2693256023055673,0.7306743976944328,0.7306743976944328,-0.998046875,-0.314453125,-1.3125,1,1.0,1,193
3401,post_self,self,1,0.5621765008857981,0.43782349911420193,0.43782349911420193,0.25,-0.828125,-0.578125,1,1.0,1,460
3402,post_self,self,1,0.4378234991142019,0.5621765008857982,0.5621765008857982,-0.25,-0.578125,-0.828125,1,1.0,1,117
3403,post_defer,defer,1,0.9888863279306542,0.01111367206934577,0.01111367206934577,4.4884033203125,-4.5,-0.0115966796875,0,1.0,1,326
3404,post_defer,defer,1,0.8804891362585583,0.11951086374144171,0.11951086374144171,1.9970703125,-2.125,-0.1279296875,0,1.0,1,162
3405,post_defer,defer,1,0.9991946933179481,0.0008053066820519206,0.0008053066820519206,7.123481750488281,-7.125,-0.00151824951171875,0,1.0,1,443
3406,post_defer,defer,1,0.9398857676105103,0.06011423238948965,0.06011423238948965,2.74951171875,-2.8125,-0.06298828125,0,1.0,1,253
3407,post_self,self,1,0.04753628970327314,0.9524637102967268,0.9524637102967268,-2.99755859375,-0.04931640625,-3.046875,1,1.0,1,127
3408,post_defer,defer,1,0.9992893225321053,0.0007106774678946604,0.0007106774678946604,7.2485809326171875,-7.25,-0.0014190673828125,0,0.0,1,301
