task_id,route,model_decision,model_decision_raw,valid_format,p_defer,p_self,score,margin,logp_self,logp_defer,self_passed,expert_passed,expert_available,code_len
3017,post_defer,defer,defer,1,0.9888856571246052,0.011114342875394811,0.011114342875394811,4.48834228515625,-4.5,-0.01165771484375,0,1.0,1,843
3018,post_defer,defer,defer,1,0.9857257972664658,0.014274202733534191,0.014274202733534191,4.23492431640625,-4.25,-0.01507568359375,0,1.0,1,714
3019,post_defer,defer,defer,1,0.9822323966073336,0.017767603392666365,0.017767603392666365,4.012451171875,-4.03125,-0.018798828125,0,1.0,1,571
3020,post_defer,defer,defer,1,0.8523219402958387,0.14767805970416126,0.14767805970416126,1.7529296875,-1.9140625,-0.1611328125,0,1.0,1,841
3021,post_defer,defer,defer,1,0.9857275147488421,0.014272485251157874,0.014272485251157874,4.23504638671875,-4.25,-0.01495361328125,0,1.0,1,636
3022,post_defer,defer,defer,1,0.8175744761936437,0.18242552380635635,0.18242552380635635,1.5,-1.703125,-0.203125,0,1.0,1,317
3023,post_defer,defer,defer,1,0.8523219402958387,0.14767805970416126,0.14767805970416126,1.7529296875,-1.9140625,-0.1611328125,0,1.0,1,317
3024,post_defer,defer,defer,1,0.9947496777002385,0.005250322299761523,0.005250322299761523,5.24420166015625,-5.25,-0.00579833984375,0,1.0,1,401
3025,post_defer,defer,defer,1,0.5621765008857981,0.43782349911420193,0.43782349911420193,0.25,-0.828125,-0.578125,0,1.0,1,386
3026,post_defer,defer,defer,1,0.5,0.5,0.5,0.0,-0.6953125,-0.6953125,0,1.0,1,422
3027,post_defer,defer,defer,1,0.9707120723590936,0.029287927640906375,0.029287927640906375,3.5008544921875,-3.53125,-0.0303955078125,0,0.0,1,471
3028,post_defer,defer,defer,1,0.9771864812836849,0.022813518716315095,0.022813518716315095,3.75732421875,-3.78125,-0.02392578125,0,1.0,1,471
3029,post_self,self,self,1,0.22337706178344302,0.776622938216557,0.776622938216557,-1.24609375,-0.25390625,-1.5,0,1.0,1,361
3030,post_defer,defer,defer,1,0.9822323966073336,0.017767603392666365,0.017767603392666365,4.012451171875,-4.03125,-0.018798828125,0,1.0,1,322
3031,post_defer,defer,defer,1,0.9947493589188585,0.005250641081141483,0.005250641081141483,5.244140625,-5.25,-0.005859375,0,0.0,1,721
3032,post_defer,defer,defer,1,0.9771864812836849,0.022813518716315095,0.022813518716315095,3.75732421875,-3.78125,-0.02392578125,0,1.0,1,931
3033,post_defer,defer,defer,1,0.9968152782781927,0.003184721721807282,0.003184721721807282,5.7462005615234375,-5.75,-0.0037994384765625,0,1.0,1,512
3034,post_defer,defer,defer,1,0.8523219402958387,0.14767805970416126,0.14767805970416126,1.7529296875,-1.9140625,-0.1611328125,0,1.0,1,557
3035,post_defer,defer,defer,1,0.998495360126059,0.001504639873941005,0.001504639873941005,6.4976959228515625,-6.5,-0.0023040771484375,0,1.0,1,1006
3036,post_defer,defer,defer,1,0.924004785181042,0.07599521481895799,0.07599521481895799,2.498046875,-2.578125,-0.080078125,0,1.0,1,561
3037,post_defer,defer,defer,1,0.9975199137137314,0.0024800862862686124,0.0024800862862686124,5.996978759765625,-6.0,-0.003021240234375,0,0.0,1,943
3038,post_self,self,self,1,0.22303841721688147,0.7769615827831186,0.7769615827831186,-1.248046875,-0.251953125,-1.5,1,1.0,1,756
3039,post_self,self,self,1,0.2693256023055673,0.7306743976944328,0.7306743976944328,-0.998046875,-0.314453125,-1.3125,1,1.0,1,344
3040,post_defer,defer,,0,0.9469043718550011,0.05309562814499891,0.05309562814499891,2.881103515625,-2.9375,-0.056396484375,0,1.0,1,3528
3041,post_defer,defer,defer,1,0.9039745112122062,0.09602548878779382,0.09602548878779382,2.2421875,-2.34375,-0.1015625,0,1.0,1,622
3042,post_self,self,self,1,0.2693256023055673,0.7306743976944328,0.7306743976944328,-0.998046875,-0.314453125,-1.3125,1,1.0,1,312
3043,post_defer,defer,defer,1,0.8177200818572946,0.1822799181427054,0.1822799181427054,1.5009765625,-1.703125,-0.2021484375,0,1.0,1,832
3044,post_defer,defer,defer,1,0.9932590982741398,0.006740901725860171,0.006740901725860171,4.9927978515625,-5.0,-0.0072021484375,0,1.0,1,981
3045,post_defer,defer,defer,1,0.9968152782781927,0.003184721721807282,0.003184721721807282,5.7462005615234375,-5.75,-0.0037994384765625,0,1.0,1,1225
3046,post_defer,defer,defer,1,0.9707120723590936,0.029287927640906375,0.029287927640906375,3.5008544921875,-3.53125,-0.0303955078125,0,1.0,1,533
3047,post_defer,defer,defer,1,0.8523219402958387,0.14767805970416126,0.14767805970416126,1.7529296875,-1.9140625,-0.1611328125,1,1.0,1,271
3048,post_defer,defer,defer,1,0.985730090590557,0.014269909409442949,0.014269909409442949,4.2352294921875,-4.25,-0.0147705078125,0,1.0,1,449
3049,post_defer,defer,defer,1,0.8523219402958387,0.14767805970416126,0.14767805970416126,1.7529296875,-1.9140625,-0.1611328125,0,1.0,1,337
3050,post_defer,defer,defer,1,0.998828393488994,0.001171606511006007,0.001171606511006007,6.748207092285156,-6.75,-0.00179290771484375,0,0.0,1,961
3051,post_defer,defer,defer,1,0.9524526552203937,0.047547344779606315,0.047547344779606315,2.997314453125,-3.046875,-0.049560546875,0,0.0,1,729
3052,post_defer,defer,defer,1,0.8523219402958387,0.14767805970416126,0.14767805970416126,1.7529296875,-1.9140625,-0.1611328125,0,1.0,1,343
3053,post_defer,defer,defer,1,0.9771810380074576,0.022818961992542408,0.022818961992542408,3.757080078125,-3.78125,-0.024169921875,0,1.0,1,724
3054,post_defer,defer,defer,1,0.9771864812836849,0.022813518716315095,0.022813518716315095,3.75732421875,-3.78125,-0.02392578125,0,1.0,1,459
3055,post_defer,defer,defer,1,0.9975194984372013,0.002480501562798665,0.002480501562798665,5.9968109130859375,-6.0,-0.0031890869140625,0,1.0,1,696
3056,post_defer,defer,defer,1,0.9398857676105103,0.06011423238948965,0.06011423238948965,2.74951171875,-2.8125,-0.06298828125,0,0.0,1,211
3057,post_defer,defer,defer,1,0.5621765008857981,0.43782349911420193,0.43782349911420193,0.25,-0.828125,-0.578125,0,1.0,1,376
3058,post_defer,defer,defer,1,0.9913437838855339,0.008656216114466098,0.008656216114466098,4.74078369140625,-4.75,-0.00921630859375,0,1.0,1,573
3059,post_defer,defer,defer,1,0.9968149876235599,0.0031850123764400884,0.0031850123764400884,5.7461090087890625,-5.75,-0.0038909912109375,0,1.0,1,942
3060,post_defer,defer,defer,1,0.776622938216557,0.22337706178344297,0.22337706178344297,1.24609375,-1.5,-0.25390625,0,1.0,1,380
3061,post_defer,defer,defer,1,0.9913437838855339,0.008656216114466098,0.008656216114466098,4.74078369140625,-4.75,-0.00921630859375,0,1.0,1,942
3062,post_defer,defer,defer,1,0.9040168879082324,0.09598311209176758,0.09598311209176758,2.24267578125,-2.34375,-0.10107421875,0,0.0,1,263
3063,post_defer,defer,defer,1,0.8804891362585583,0.11951086374144171,0.11951086374144171,1.9970703125,-2.125,-0.1279296875,0,1.0,1,314
3064,post_defer,defer,defer,1,0.9771837598041064,0.022816240195893567,0.022816240195893567,3.7572021484375,-3.78125,-0.0240478515625,0,1.0,1,277
3065,post_self,self,self,1,0.18227991814270542,0.8177200818572946,0.8177200818572946,-1.5009765625,-0.2021484375,-1.703125,1,1.0,1,139
3066,post_defer,defer,defer,1,0.9888856571246052,0.011114342875394811,0.011114342875394811,4.48834228515625,-4.5,-0.01165771484375,0,1.0,1,604
3067,post_defer,defer,defer,1,0.9913422124637588,0.008657787536241246,0.008657787536241246,4.7406005859375,-4.75,-0.0093994140625,0,0.0,1,329
3068,post_defer,defer,defer,1,0.5,0.5,0.5,0.0,-0.6953125,-0.6953125,1,1.0,1,682
3069,post_defer,defer,defer,1,0.924039065164378,0.07596093483562205,0.07596093483562205,2.49853515625,-2.578125,-0.07958984375,0,1.0,1,190
3070,post_defer,defer,defer,1,0.8177200818572946,0.1822799181427054,0.1822799181427054,1.5009765625,-1.703125,-0.2021484375,1,1.0,1,856
3071,post_defer,defer,defer,1,0.985730090590557,0.014269909409442949,0.014269909409442949,4.2352294921875,-4.25,-0.0147705078125,0,1.0,1,1241
3072,post_defer,defer,defer,1,0.9771864812836849,0.022813518716315095,0.022813518716315095,3.75732421875,-3.78125,-0.02392578125,0,1.0,1,317
3073,post_defer,defer,defer,1,0.8177200818572946,0.1822799181427054,0.1822799181427054,1.5009765625,-1.703125,-0.2021484375,0,1.0,1,161
3074,post_defer,defer,defer,1,0.9707086016829962,0.02929139831700378,0.02929139831700378,3.500732421875,-3.53125,-0.030517578125,0,1.0,1,847
3075,post_defer,defer,defer,1,0.9992893225321053,0.0007106774678946604,0.0007106774678946604,7.2485809326171875,-7.25,-0.0014190673828125,0,0.0,1,2528
3076,post_defer,defer,defer,1,0.9968152782781927,0.003184721721807282,0.003184721721807282,5.7462005615234375,-5.75,-0.0037994384765625,0,0.0,1,2859
3077,post_defer,defer,defer,1,0.9913437838855339,0.008656216114466098,0.008656216114466098,4.74078369140625,-4.75,-0.00921630859375,0,0.0,1,535
3078,post_defer,defer,defer,1,0.8523219402958387,0.14767805970416126,0.14767805970416126,1.7529296875,-1.9140625,-0.1611328125,1,1.0,1,387
3079,post_defer,defer,defer,1,0.8523219402958387,0.14767805970416126,0.14767805970416126,1.7529296875,-1.9140625,-0.1611328125,1,1.0,1,387
3080,post_defer,defer,defer,1,0.7769615827831184,0.22303841721688156,0.22303841721688156,1.248046875,-1.5,-0.251953125,0,0.0,1,716
3081,post_defer,defer,defer,1,0.9707016591341491,0.029298340865850925,0.029298340865850925,3.50048828125,-3.53125,-0.03076171875,0,1.0,1,520
3082,post_defer,defer,defer,1,0.6796041263180436,0.32039587368195643,0.32039587368195643,0.751953125,-1.140625,-0.388671875,0,1.0,1,676
3083,post_defer,defer,defer,1,0.9399133498259924,0.060086650174007605,0.060086650174007605,2.75,-2.8125,-0.0625,0,1.0,1,1571
3084,post_defer,defer,defer,1,0.9888843153924035,0.011115684607596488,0.011115684607596488,4.48822021484375,-4.5,-0.01177978515625,0,1.0,1,1078
3085,post_defer,defer,defer,1,0.7306743976944328,0.26932560230556724,0.26932560230556724,0.998046875,-1.3125,-0.314453125,0,1.0,1,558
3086,post_defer,defer,defer,1,0.9947488807106885,0.0052511192893115455,0.0052511192893115455,5.244049072265625,-5.25,-0.005950927734375,0,1.0,1,534
3087,post_defer,defer,defer,1,0.9888856571246052,0.011114342875394811,0.011114342875394811,4.48834228515625,-4.5,-0.01165771484375,0,1.0,1,405
3088,post_defer,defer,defer,1,0.5,0.5,0.5,0.0,-0.6953125,-0.6953125,0,1.0,1,284
3089,post_defer,defer,defer,1,0.9968155204701898,0.003184479529810158,0.003184479529810158,5.74627685546875,-5.75,-0.00372314453125,0,1.0,1,593
3090,post_defer,defer,defer,1,0.7306743976944328,0.26932560230556724,0.26932560230556724,0.998046875,-1.3125,-0.314453125,0,0.0,1,640
3091,post_defer,defer,defer,1,0.8177200818572946,0.1822799181427054,0.1822799181427054,1.5009765625,-1.703125,-0.2021484375,0,1.0,1,472
3092,post_defer,defer,defer,1,0.9524637102967268,0.04753628970327317,0.04753628970327317,2.99755859375,-3.046875,-0.04931640625,0,1.0,1,269
3093,post_defer,defer,defer,1,0.9857309491026474,0.014269050897352642,0.014269050897352642,4.23529052734375,-4.25,-0.01470947265625,0,0.0,1,714
3094,post_defer,defer,defer,1,0.9040168879082324,0.09598311209176758,0.09598311209176758,2.24267578125,-2.34375,-0.10107421875,0,1.0,1,510
3095,post_defer,defer,defer,1,0.9959103943480542,0.004089605651945827,0.004089605651945827,5.495208740234375,-5.5,-0.004791259765625,0,0.0,1,410
3096,post_defer,defer,defer,1,0.9040168879082324,0.09598311209176758,0.09598311209176758,2.24267578125,-2.34375,-0.10107421875,0,1.0,1,614
3097,post_defer,defer,defer,1,0.9771864812836849,0.022813518716315095,0.022813518716315095,3.75732421875,-3.78125,-0.02392578125,0,0.0,1,361
3098,post_defer,defer,defer,1,0.8804891362585583,0.11951086374144171,0.11951086374144171,1.9970703125,-2.125,-0.1279296875,0,1.0,1,538
3099,post_defer,defer,defer,1,0.99325766781843,0.006742332181570054,0.006742332181570054,4.992584228515625,-5.0,-0.007415771484375,0,0.0,1,496
3100,post_defer,defer,defer,1,0.9040168879082324,0.09598311209176758,0.09598311209176758,2.24267578125,-2.34375,-0.10107421875,0,0.0,1,560
3101,post_self,self,self,1,0.06011423238948973,0.9398857676105102,0.9398857676105102,-2.74951171875,-0.06298828125,-2.8125,1,1.0,1,293
3102,post_defer,defer,defer,1,0.99325766781843,0.006742332181570054,0.006742332181570054,4.992584228515625,-5.0,-0.007415771484375,0,1.0,1,570
3103,post_defer,defer,defer,1,0.9975194984372013,0.002480501562798665,0.002480501562798665,5.9968109130859375,-6.0,-0.0031890869140625,0,1.0,1,568
3104,post_defer,defer,defer,1,0.9988284738398235,0.0011715261601764615,0.0011715261601764615,6.7482757568359375,-6.75,-0.0017242431640625,0,1.0,1,877
3105,post_defer,defer,defer,1,0.9913437838855339,0.008656216114466098,0.008656216114466098,4.74078369140625,-4.75,-0.00921630859375,0,0.0,1,147
3106,post_defer,defer,defer,1,0.6229182129267856,0.3770817870732144,0.3770817870732144,0.501953125,-0.9765625,-0.474609375,0,1.0,1,307
3107,post_defer,defer,defer,1,0.7769615827831184,0.22303841721688156,0.22303841721688156,1.248046875,-1.5,-0.251953125,0,1.0,1,439
3108,post_defer,defer,defer,1,0.7769615827831184,0.22303841721688156,0.22303841721688156,1.248046875,-1.5,-0.251953125,0,1.0,1,439
3109,post_defer,defer,defer,1,0.9984957268724222,0.0015042731275778376,0.0015042731275778376,6.4979400634765625,-6.5,-0.0020599365234375,0,0.0,1,1183
3110,post_defer,defer,defer,1,0.5,0.5,0.5,0.0,-0.6953125,-0.6953125,0,1.0,1,247
3111,post_defer,defer,defer,1,0.8804891362585583,0.11951086374144171,0.11951086374144171,1.9970703125,-2.125,-0.1279296875,0,1.0,1,454
3112,post_defer,defer,defer,1,0.9857283734136574,0.014271626586342623,0.014271626586342623,4.235107421875,-4.25,-0.014892578125,0,1.0,1,325
3113,post_defer,defer,defer,1,0.9624001999776919,0.037599800022308116,0.037599800022308116,3.242431640625,-3.28125,-0.038818359375,0,1.0,1,625
3114,post_defer,defer,defer,1,0.8523219402958387,0.14767805970416126,0.14767805970416126,1.7529296875,-1.9140625,-0.1611328125,0,1.0,1,155
3115,post_defer,defer,defer,1,0.9932586896032689,0.006741310396731093,0.006741310396731093,4.99273681640625,-5.0,-0.00726318359375,0,1.0,1,913
3116,post_defer,defer,defer,1,0.9624001999776919,0.037599800022308116,0.037599800022308116,3.242431640625,-3.28125,-0.038818359375,0,1.0,1,384
3117,post_defer,defer,defer,1,0.9524637102967268,0.04753628970327317,0.04753628970327317,2.99755859375,-3.046875,-0.04931640625,0,1.0,1,665
3118,post_defer,defer,defer,1,0.776622938216557,0.22337706178344297,0.22337706178344297,1.24609375,-1.5,-0.25390625,0,0.0,1,572
3119,post_self,self,self,1,0.22303841721688147,0.7769615827831186,0.7769615827831186,-1.248046875,-0.251953125,-1.5,0,1.0,1,84
3120,post_defer,defer,defer,1,0.9888863279306542,0.01111367206934577,0.01111367206934577,4.4884033203125,-4.5,-0.0115966796875,0,1.0,1,631
3121,post_defer,defer,defer,1,0.9932580765508229,0.006741923449177123,0.006741923449177123,4.992645263671875,-5.0,-0.007354736328125,0,1.0,1,727
3122,post_defer,defer,defer,1,0.9975194984372013,0.002480501562798665,0.002480501562798665,5.9968109130859375,-6.0,-0.0031890869140625,0,0.0,1,940
3123,post_defer,defer,defer,1,0.5,0.5,0.5,0.0,-0.6953125,-0.6953125,1,1.0,1,462
3124,post_defer,defer,defer,1,0.9623913644941934,0.03760863550580662,0.03760863550580662,3.2421875,-3.28125,-0.0390625,0,1.0,1,538
3125,post_defer,defer,defer,1,0.9624001999776919,0.037599800022308116,0.037599800022308116,3.242431640625,-3.28125,-0.038818359375,0,1.0,1,511
3126,post_defer,defer,defer,1,0.9968152782781927,0.003184721721807282,0.003184721721807282,5.7462005615234375,-5.75,-0.0037994384765625,0,1.0,1,789
3127,post_defer,defer,defer,1,0.8804891362585583,0.11951086374144171,0.11951086374144171,1.9970703125,-2.125,-0.1279296875,0,1.0,1,197
3128,post_defer,defer,defer,1,0.9040168879082324,0.09598311209176758,0.09598311209176758,2.24267578125,-2.34375,-0.10107421875,0,0.0,1,485
3129,post_defer,defer,defer,1,0.9980683588322479,0.0019316411677521295,0.0019316411677521295,6.2474517822265625,-6.25,-0.0025482177734375,0,1.0,1,2142
3130,post_defer,defer,defer,1,0.9913427363024344,0.008657263697565587,0.008657263697565587,4.74066162109375,-4.75,-0.00933837890625,0,1.0,1,1717
3131,post_defer,defer,defer,1,0.8804891362585583,0.11951086374144171,0.11951086374144171,1.9970703125,-2.125,-0.1279296875,0,1.0,1,213
3132,post_defer,defer,defer,1,0.9398857676105103,0.06011423238948965,0.06011423238948965,2.74951171875,-2.8125,-0.06298828125,0,1.0,1,546
3133,post_defer,defer,defer,1,0.9932580765508229,0.006741923449177123,0.006741923449177123,4.992645263671875,-5.0,-0.007354736328125,0,0.0,1,790
3134,post_defer,defer,defer,1,0.9968152782781927,0.003184721721807282,0.003184721721807282,5.7462005615234375,-5.75,-0.0037994384765625,0,0.0,1,1003
3135,post_defer,defer,defer,1,0.6796041263180436,0.32039587368195643,0.32039587368195643,0.751953125,-1.140625,-0.388671875,1,1.0,1,497
3136,post_defer,defer,defer,1,0.9857309491026474,0.014269050897352642,0.014269050897352642,4.23529052734375,-4.25,-0.01470947265625,0,1.0,1,1177
3137,post_defer,defer,defer,1,0.8177200818572946,0.1822799181427054,0.1822799181427054,1.5009765625,-1.703125,-0.2021484375,0,1.0,1,628
3138,post_defer,defer,defer,1,0.9932586896032689,0.006741310396731093,0.006741310396731093,4.99273681640625,-5.0,-0.00726318359375,0,0.0,1,1276
3139,post_defer,defer,defer,1,0.9947493589188585,0.005250641081141483,0.005250641081141483,5.244140625,-5.25,-0.005859375,0,1.0,1,1276
3140,post_defer,defer,defer,1,0.9857309491026474,0.014269050897352642,0.014269050897352642,4.23529052734375,-4.25,-0.01470947265625,0,1.0,1,457
3141,post_defer,defer,defer,1,0.9947488807106885,0.0052511192893115455,0.0052511192893115455,5.244049072265625,-5.25,-0.005950927734375,0,0.0,1,1852
3142,post_defer,defer,defer,1,0.97719192329177,0.02280807670823004,0.02280807670823004,3.757568359375,-3.78125,-0.023681640625,0,1.0,1,214
3143,post_defer,defer,defer,1,0.9040168879082324,0.09598311209176758,0.09598311209176758,2.24267578125,-2.34375,-0.10107421875,0,0.0,1,282
3144,post_self,self,self,1,0.09598311209176767,0.9040168879082323,0.9040168879082323,-2.24267578125,-0.10107421875,-2.34375,0,1.0,1,227
3145,post_defer,defer,defer,1,0.9399133498259924,0.060086650174007605,0.060086650174007605,2.75,-2.8125,-0.0625,0,0.0,1,801
3146,post_defer,defer,defer,1,0.9398857676105103,0.06011423238948965,0.06011423238948965,2.74951171875,-2.8125,-0.06298828125,0,1.0,1,307
3147,post_defer,defer,defer,1,0.9771864812836849,0.022813518716315095,0.022813518716315095,3.75732421875,-3.78125,-0.02392578125,0,0.0,1,1462
3148,post_defer,defer,defer,1,0.9398857676105103,0.06011423238948965,0.06011423238948965,2.74951171875,-2.8125,-0.06298828125,0,1.0,1,346
3149,post_defer,defer,defer,1,0.9822323966073336,0.017767603392666365,0.017767603392666365,4.012451171875,-4.03125,-0.018798828125,0,1.0,1,1078
3150,post_defer,defer,defer,1,0.9857309491026474,0.014269050897352642,0.014269050897352642,4.23529052734375,-4.25,-0.01470947265625,0,1.0,1,720
3151,post_defer,defer,defer,1,0.9822302661211237,0.01776973387887626,0.01776973387887626,4.0123291015625,-4.03125,-0.0189208984375,0,1.0,1,487
3152,post_defer,defer,defer,1,0.9040168879082324,0.09598311209176758,0.09598311209176758,2.24267578125,-2.34375,-0.10107421875,0,1.0,1,267
3153,post_defer,defer,defer,1,0.8177200818572946,0.1822799181427054,0.1822799181427054,1.5009765625,-1.703125,-0.2021484375,0,1.0,1,431
3154,post_defer,defer,defer,1,0.9707086016829962,0.02929139831700378,0.02929139831700378,3.500732421875,-3.53125,-0.030517578125,0,0.0,1,520
3155,post_defer,defer,defer,1,0.9975199137137314,0.0024800862862686124,0.0024800862862686124,5.996978759765625,-6.0,-0.003021240234375,0,1.0,1,623
3156,post_defer,defer,defer,1,0.8523219402958387,0.14767805970416126,0.14767805970416126,1.7529296875,-1.9140625,-0.1611328125,1,1.0,1,501
3157,post_defer,defer,defer,1,0.985730090590557,0.014269909409442949,0.014269909409442949,4.2352294921875,-4.25,-0.0147705078125,0,1.0,1,508
3158,post_defer,defer,defer,1,0.5621765008857981,0.43782349911420193,0.43782349911420193,0.25,-0.828125,-0.578125,0,0.0,1,622
3159,post_defer,defer,defer,1,0.8523219402958387,0.14767805970416126,0.14767805970416126,1.7529296875,-1.9140625,-0.1611328125,0,0.0,1,339
3160,post_defer,defer,defer,1,0.9888843153924035,0.011115684607596488,0.011115684607596488,4.48822021484375,-4.5,-0.01177978515625,0,0.0,1,437
3161,post_defer,defer,defer,1,0.6229182129267856,0.3770817870732144,0.3770817870732144,0.501953125,-0.9765625,-0.474609375,0,1.0,1,660
3162,post_defer,defer,defer,1,0.9524637102967268,0.04753628970327317,0.04753628970327317,2.99755859375,-3.046875,-0.04931640625,0,1.0,1,452
3163,post_defer,defer,defer,1,0.9040168879082324,0.09598311209176758,0.09598311209176758,2.24267578125,-2.34375,-0.10107421875,0,0.0,1,579
3164,post_defer,defer,defer,1,0.9857275147488421,0.014272485251157874,0.014272485251157874,4.23504638671875,-4.25,-0.01495361328125,0,0.0,1,937
3165,post_defer,defer,defer,1,0.9932580765508229,0.006741923449177123,0.006741923449177123,4.992645263671875,-5.0,-0.007354736328125,0,1.0,1,648
3166,post_defer,defer,defer,1,0.9932580765508229,0.006741923449177123,0.006741923449177123,4.992645263671875,-5.0,-0.007354736328125,0,1.0,1,1052
3167,post_defer,defer,defer,1,0.9857309491026474,0.014269050897352642,0.014269050897352642,4.23529052734375,-4.25,-0.01470947265625,0,1.0,1,1526
3168,post_defer,defer,defer,1,0.9959107672144971,0.004089232785502883,0.004089232785502883,5.49530029296875,-5.5,-0.00469970703125,0,0.0,1,464
3169,post_defer,defer,defer,1,0.7769615827831184,0.22303841721688156,0.22303841721688156,1.248046875,-1.5,-0.251953125,0,1.0,1,141
3170,post_self,self,self,1,0.07596093483562215,0.9240390651643778,0.9240390651643778,-2.49853515625,-0.07958984375,-2.578125,1,1.0,1,333
3171,post_defer,defer,defer,1,0.9959110157733164,0.0040889842266835785,0.0040889842266835785,5.495361328125,-5.5,-0.004638671875,0,1.0,1,305
3172,post_defer,defer,defer,1,0.9975194984372013,0.002480501562798665,0.002480501562798665,5.9968109130859375,-6.0,-0.0031890869140625,0,0.0,1,1102
3173,post_defer,defer,defer,1,0.9913437838855339,0.008656216114466098,0.008656216114466098,4.74078369140625,-4.75,-0.00921630859375,0,1.0,1,570
3174,post_self,self,self,1,0.18227991814270542,0.8177200818572946,0.8177200818572946,-1.5009765625,-0.2021484375,-1.703125,1,1.0,1,272
3175,post_defer,defer,defer,1,0.924039065164378,0.07596093483562205,0.07596093483562205,2.49853515625,-2.578125,-0.07958984375,0,1.0,1,890
3176,post_defer,defer,defer,1,0.9822281353840727,0.01777186461592728,0.01777186461592728,4.01220703125,-4.03125,-0.01904296875,0,1.0,1,483
3177,post_defer,defer,defer,1,0.9980683588322479,0.0019316411677521295,0.0019316411677521295,6.2474517822265625,-6.25,-0.0025482177734375,0,0.0,1,1175
3178,post_defer,defer,defer,1,0.9913437838855339,0.008656216114466098,0.008656216114466098,4.74078369140625,-4.75,-0.00921630859375,0,1.0,1,612
3179,post_defer,defer,defer,1,0.9980683588322479,0.0019316411677521295,0.0019316411677521295,6.2474517822265625,-6.25,-0.0025482177734375,0,1.0,1,1396
3180,post_self,self,self,1,0.37708178707321444,0.6229182129267856,0.6229182129267856,-0.501953125,-0.474609375,-0.9765625,0,1.0,1,460
3181,post_defer,defer,defer,1,0.9707120723590936,0.029287927640906375,0.029287927640906375,3.5008544921875,-3.53125,-0.0303955078125,0,0.0,1,455
3182,post_defer,defer,defer,1,0.9857275147488421,0.014272485251157874,0.014272485251157874,4.23504638671875,-4.25,-0.01495361328125,1,1.0,1,590
3183,post_self,self,self,1,0.37708178707321444,0.6229182129267856,0.6229182129267856,-0.501953125,-0.474609375,-0.9765625,1,1.0,1,419
3184,post_defer,defer,defer,1,0.9888843153924035,0.011115684607596488,0.011115684607596488,4.48822021484375,-4.5,-0.01177978515625,0,1.0,1,549
3185,post_defer,defer,defer,1,0.5,0.5,0.5,0.0,-0.6953125,-0.6953125,0,1.0,1,524
3186,post_defer,defer,defer,1,0.9959107672144971,0.004089232785502883,0.004089232785502883,5.49530029296875,-5.5,-0.00469970703125,0,0.0,1,945
3187,post_defer,defer,defer,1,0.7769615827831184,0.22303841721688156,0.22303841721688156,1.248046875,-1.5,-0.251953125,0,0.0,1,408
3188,post_defer,defer,defer,1,0.9975197249602702,0.002480275039729807,0.002480275039729807,5.9969024658203125,-6.0,-0.0030975341796875,0,1.0,1,515
3189,post_defer,defer,defer,1,0.9888856571246052,0.011114342875394811,0.011114342875394811,4.48834228515625,-4.5,-0.01165771484375,0,1.0,1,410
3190,post_defer,defer,defer,1,0.9771892024462275,0.022810797553772466,0.022810797553772466,3.7574462890625,-3.78125,-0.0238037109375,0,0.0,1,487
3191,post_defer,defer,defer,1,0.9822323966073336,0.017767603392666365,0.017767603392666365,4.012451171875,-4.03125,-0.018798828125,0,1.0,1,564
3192,post_defer,defer,defer,1,0.7769615827831184,0.22303841721688156,0.22303841721688156,1.248046875,-1.5,-0.251953125,0,1.0,1,471
3193,post_defer,defer,defer,1,0.776622938216557,0.22337706178344297,0.22337706178344297,1.24609375,-1.5,-0.25390625,1,1.0,1,355
3194,post_defer,defer,defer,1,0.99325766781843,0.006742332181570054,0.006742332181570054,4.992584228515625,-5.0,-0.007415771484375,0,0.0,1,341
3195,post_defer,defer,defer,1,0.8523219402958387,0.14767805970416126,0.14767805970416126,1.7529296875,-1.9140625,-0.1611328125,0,1.0,1,413
3196,post_defer,defer,defer,1,0.5621765008857981,0.43782349911420193,0.43782349911420193,0.25,-0.828125,-0.578125,0,1.0,1,585
3197,post_defer,defer,defer,1,0.9991948222277841,0.0008051777722158926,0.0008051777722158926,7.1236419677734375,-7.125,-0.0013580322265625,0,0.0,1,1745
3198,post_defer,defer,defer,1,0.998495612273773,0.0015043877262269634,0.0015043877262269634,6.49786376953125,-6.5,-0.00213623046875,0,1.0,1,1056
3199,post_defer,defer,defer,1,0.9822281353840727,0.01777186461592728,0.01777186461592728,4.01220703125,-4.03125,-0.01904296875,0,0.0,1,755
3200,post_self,self,self,1,0.37708178707321444,0.6229182129267856,0.6229182129267856,-0.501953125,-0.474609375,-0.9765625,1,1.0,1,374
3201,post_defer,defer,defer,1,0.9913427363024344,0.008657263697565587,0.008657263697565587,4.74066162109375,-4.75,-0.00933837890625,0,1.0,1,1183
3202,post_defer,defer,defer,1,0.9968152782781927,0.003184721721807282,0.003184721721807282,5.7462005615234375,-5.75,-0.0037994384765625,0,1.0,1,1499
3203,post_defer,defer,defer,1,0.9771864812836849,0.022813518716315095,0.022813518716315095,3.75732421875,-3.78125,-0.02392578125,0,1.0,1,697
3204,post_defer,defer,defer,1,0.8523219402958387,0.14767805970416126,0.14767805970416126,1.7529296875,-1.9140625,-0.1611328125,0,1.0,1,314
3205,post_self,self,self,1,0.2693256023055673,0.7306743976944328,0.7306743976944328,-0.998046875,-0.314453125,-1.3125,1,1.0,1,202
3206,post_defer,defer,defer,1,0.8523219402958387,0.14767805970416126,0.14767805970416126,1.7529296875,-1.9140625,-0.1611328125,0,1.0,1,693
3207,post_self,self,self,1,0.3203958736819564,0.6796041263180437,0.6796041263180437,-0.751953125,-0.388671875,-1.140625,1,1.0,1,202
3208,post_defer,defer,defer,1,0.7769615827831184,0.22303841721688156,0.22303841721688156,1.248046875,-1.5,-0.251953125,0,0.0,1,687
3209,post_defer,defer,defer,1,0.9947496777002385,0.005250322299761523,0.005250322299761523,5.24420166015625,-5.25,-0.00579833984375,0,1.0,1,901
3210,post_self,self,self,1,0.37708178707321444,0.6229182129267856,0.6229182129267856,-0.501953125,-0.474609375,-0.9765625,1,1.0,1,342
3211,post_defer,defer,defer,1,0.9932580765508229,0.006741923449177123,0.006741923449177123,4.992645263671875,-5.0,-0.007354736328125,0,1.0,1,632
3212,post_defer,defer,defer,1,0.9524637102967268,0.04753628970327317,0.04753628970327317,2.99755859375,-3.046875,-0.04931640625,0,1.0,1,541
3213,post_defer,defer,defer,1,0.9968149876235599,0.0031850123764400884,0.0031850123764400884,5.7461090087890625,-5.75,-0.0038909912109375,0,0.0,1,539
3214,post_defer,defer,defer,1,0.9524637102967268,0.04753628970327317,0.04753628970327317,2.99755859375,-3.046875,-0.04931640625,0,1.0,1,351
3215,post_defer,defer,defer,1,0.9040168879082324,0.09598311209176758,0.09598311209176758,2.24267578125,-2.34375,-0.10107421875,0,1.0,1,590
3216,post_defer,defer,defer,1,0.9822323966073336,0.017767603392666365,0.017767603392666365,4.012451171875,-4.03125,-0.018798828125,0,0.0,1,684
3217,post_defer,defer,defer,1,0.9947488807106885,0.0052511192893115455,0.0052511192893115455,5.244049072265625,-5.25,-0.005950927734375,0,1.0,1,518
3218,post_defer,defer,defer,1,0.8804891362585583,0.11951086374144171,0.11951086374144171,1.9970703125,-2.125,-0.1279296875,0,1.0,1,488
3219,post_defer,defer,defer,1,0.8177200818572946,0.1822799181427054,0.1822799181427054,1.5009765625,-1.703125,-0.2021484375,0,1.0,1,268
3220,post_defer,defer,defer,1,0.9707120723590936,0.029287927640906375,0.029287927640906375,3.5008544921875,-3.53125,-0.0303955078125,0,1.0,1,1022
3221,post_defer,defer,defer,1,0.9524637102967268,0.04753628970327317,0.04753628970327317,2.99755859375,-3.046875,-0.04931640625,0,1.0,1,258
3222,post_defer,defer,defer,1,0.9968155204701898,0.003184479529810158,0.003184479529810158,5.74627685546875,-5.75,-0.00372314453125,0,0.0,1,1163
3223,post_defer,defer,defer,1,0.9524637102967268,0.04753628970327317,0.04753628970327317,2.99755859375,-3.046875,-0.04931640625,1,1.0,1,632
3224,post_defer,defer,defer,1,0.9399133498259924,0.060086650174007605,0.060086650174007605,2.75,-2.8125,-0.0625,0,1.0,1,890
3225,post_defer,defer,defer,1,0.9959107672144971,0.004089232785502883,0.004089232785502883,5.49530029296875,-5.5,-0.00469970703125,0,0.0,1,964
3226,post_defer,defer,defer,1,0.9986721477665903,0.0013278522334096987,0.0013278522334096987,6.62286376953125,-6.625,-0.00213623046875,0,0.0,1,1224
3227,post_defer,defer,defer,1,0.7769615827831184,0.22303841721688156,0.22303841721688156,1.248046875,-1.5,-0.251953125,0,1.0,1,466
3228,post_defer,defer,defer,1,0.5621765008857981,0.43782349911420193,0.43782349911420193,0.25,-0.828125,-0.578125,0,0.0,1,470
3229,post_defer,defer,defer,1,0.985730090590557,0.014269909409442949,0.014269909409442949,4.2352294921875,-4.25,-0.0147705078125,0,1.0,1,753
3230,post_self,self,self,1,0.11951086374144179,0.8804891362585582,0.8804891362585582,-1.9970703125,-0.1279296875,-2.125,0,1.0,1,490
3231,post_self,self,self,1,0.4378234991142019,0.5621765008857982,0.5621765008857982,-0.25,-0.578125,-0.828125,0,1.0,1,236
3232,post_defer,defer,defer,1,0.924039065164378,0.07596093483562205,0.07596093483562205,2.49853515625,-2.578125,-0.07958984375,0,1.0,1,344
3233,post_defer,defer,defer,1,0.9399133498259924,0.060086650174007605,0.060086650174007605,2.75,-2.8125,-0.0625,0,1.0,1,1176
3234,post_defer,defer,defer,1,0.9771864812836849,0.022813518716315095,0.022813518716315095,3.75732421875,-3.78125,-0.02392578125,0,1.0,1,382
3235,post_defer,defer,defer,1,0.9624001999776919,0.037599800022308116,0.037599800022308116,3.242431640625,-3.28125,-0.038818359375,0,0.0,1,362
3236,post_defer,defer,defer,1,0.924039065164378,0.07596093483562205,0.07596093483562205,2.49853515625,-2.578125,-0.07958984375,0,0.0,1,813
3237,post_defer,defer,defer,1,0.7769615827831184,0.22303841721688156,0.22303841721688156,1.248046875,-1.5,-0.251953125,0,1.0,1,210
3238,post_defer,defer,defer,1,0.9947493589188585,0.005250641081141483,0.005250641081141483,5.244140625,-5.25,-0.005859375,0,1.0,1,473
3239,post_defer,defer,defer,1,0.9771892024462275,0.022810797553772466,0.022810797553772466,3.7574462890625,-3.78125,-0.0238037109375,0,0.0,1,1232
3240,post_defer,defer,defer,1,0.9932580765508229,0.006741923449177123,0.006741923449177123,4.992645263671875,-5.0,-0.007354736328125,0,0.0,1,1051
3241,post_defer,defer,defer,1,0.9888843153924035,0.011115684607596488,0.011115684607596488,4.48822021484375,-4.5,-0.01177978515625,0,1.0,1,792
3242,post_defer,defer,defer,1,0.924039065164378,0.07596093483562205,0.07596093483562205,2.49853515625,-2.578125,-0.07958984375,0,0.0,1,473
3243,post_defer,defer,defer,1,0.9399133498259924,0.060086650174007605,0.060086650174007605,2.75,-2.8125,-0.0625,0,0.0,1,473
3244,post_defer,defer,defer,1,0.996815472033259,0.0031845279667409576,0.0031845279667409576,5.7462615966796875,-5.75,-0.0037384033203125,0,0.0,1,925
3245,post_defer,defer,defer,1,0.8523219402958387,0.14767805970416126,0.14767805970416126,1.7529296875,-1.9140625,-0.1611328125,1,1.0,1,247
3246,post_defer,defer,defer,1,0.8804891362585583,0.11951086374144171,0.11951086374144171,1.9970703125,-2.125,-0.1279296875,1,1.0,1,494
3247,post_self,self,self,1,0.18227991814270542,0.8177200818572946,0.8177200818572946,-1.5009765625,-0.2021484375,-1.703125,1,1.0,1,76
3248,post_self,self,self,1,0.04753628970327314,0.9524637102967268,0.9524637102967268,-2.99755859375,-0.04931640625,-3.046875,1,1.0,1,215
3249,post_self,self,self,1,0.011115684607596595,0.9888843153924034,0.9888843153924034,-4.48822021484375,-0.01177978515625,-4.5,1,1.0,1,200
3250,post_self,self,self,1,0.06008665017400762,0.9399133498259924,0.9399133498259924,-2.75,-0.0625,-2.8125,1,1.0,1,308
3251,post_self,self,self,1,0.37708178707321444,0.6229182129267856,0.6229182129267856,-0.501953125,-0.474609375,-0.9765625,1,1.0,1,431
3252,post_self,self,self,1,0.022813518716315165,0.9771864812836848,0.9771864812836848,-3.75732421875,-0.02392578125,-3.78125,1,1.0,1,149
3253,post_self,self,self,1,0.37708178707321444,0.6229182129267856,0.6229182129267856,-0.501953125,-0.474609375,-0.9765625,1,1.0,1,171
3254,post_defer,defer,defer,1,0.5,0.5,0.5,0.0,-0.6953125,-0.6953125,1,1.0,1,310
3255,post_self,self,self,1,0.34908880483446786,0.6509111951655322,0.6509111951655322,-0.623046875,-0.431640625,-1.0546875,0,1.0,1,73
3256,post_self,self,self,1,0.37708178707321444,0.6229182129267856,0.6229182129267856,-0.501953125,-0.474609375,-0.9765625,1,1.0,1,217
3257,post_self,self,self,1,0.37708178707321444,0.6229182129267856,0.6229182129267856,-0.501953125,-0.474609375,-0.9765625,1,1.0,1,172
3258,post_self,self,self,1,0.047547344779606246,0.9524526552203938,0.9524526552203938,-2.997314453125,-0.049560546875,-3.046875,1,1.0,1,101
3259,post_self,self,self,1,0.022810797553772383,0.9771892024462276,0.9771892024462276,-3.7574462890625,-0.0238037109375,-3.78125,1,1.0,1,123
3260,post_self,self,self,1,0.03759980002230799,0.962400199977692,0.962400199977692,-3.242431640625,-0.038818359375,-3.28125,1,0.0,1,85
3261,post_self,self,self,1,0.2693256023055673,0.7306743976944328,0.7306743976944328,-0.998046875,-0.314453125,-1.3125,1,1.0,1,86
3262,post_defer,defer,defer,1,0.8523219402958387,0.14767805970416126,0.14767805970416126,1.7529296875,-1.9140625,-0.1611328125,1,1.0,1,219
3263,post_self,self,self,1,0.07596093483562215,0.9240390651643778,0.9240390651643778,-2.49853515625,-0.07958984375,-2.578125,1,1.0,1,251
3264,post_defer,defer,defer,1,0.6800292550948656,0.31997074490513444,0.31997074490513444,0.75390625,-1.140625,-0.38671875,1,1.0,1,981
3265,post_defer,defer,defer,1,0.9707120723590936,0.029287927640906375,0.029287927640906375,3.5008544921875,-3.53125,-0.0303955078125,1,1.0,1,446
3266,post_defer,defer,defer,1,0.8177200818572946,0.1822799181427054,0.1822799181427054,1.5009765625,-1.703125,-0.2021484375,1,1.0,1,286
3267,post_self,self,self,1,0.0375909665334716,0.9624090334665284,0.9624090334665284,-3.24267578125,-0.03857421875,-3.28125,0,1.0,1,148
3268,post_self,self,self,1,0.022818961992542502,0.9771810380074575,0.9771810380074575,-3.757080078125,-0.024169921875,-3.78125,1,1.0,1,54
3269,post_self,self,self,1,0.3203958736819564,0.6796041263180437,0.6796041263180437,-0.751953125,-0.388671875,-1.140625,1,1.0,1,111
3270,post_defer,defer,defer,1,0.5621765008857981,0.43782349911420193,0.43782349911420193,0.25,-0.828125,-0.578125,0,1.0,1,245
3271,post_self,self,self,1,0.37708178707321444,0.6229182129267856,0.6229182129267856,-0.501953125,-0.474609375,-0.9765625,0,1.0,1,253
3272,post_self,self,self,1,0.03760863550580657,0.9623913644941934,0.9623913644941934,-3.2421875,-0.0390625,-3.28125,1,1.0,1,63
3273,post_self,self,self,1,0.029291398317003652,0.9707086016829963,0.9707086016829963,-3.500732421875,-0.030517578125,-3.53125,1,1.0,1,97
3274,post_self,self,self,1,0.022813518716315165,0.9771864812836848,0.9771864812836848,-3.75732421875,-0.02392578125,-3.78125,1,1.0,1,149
3275,post_self,self,self,1,0.014271626586342569,0.9857283734136574,0.9857283734136574,-4.235107421875,-0.014892578125,-4.25,1,1.0,1,61
3276,post_self,self,self,1,0.22337706178344302,0.776622938216557,0.776622938216557,-1.24609375,-0.25390625,-1.5,1,1.0,1,272
3277,post_defer,defer,defer,1,0.9398857676105103,0.06011423238948965,0.06011423238948965,2.74951171875,-2.8125,-0.06298828125,0,0.0,1,622
3278,post_defer,defer,defer,1,0.9040168879082324,0.09598311209176758,0.09598311209176758,2.24267578125,-2.34375,-0.10107421875,1,1.0,1,466
3279,post_self,self,self,1,0.1476780597041612,0.8523219402958389,0.8523219402958389,-1.7529296875,-0.1611328125,-1.9140625,1,1.0,1,46
3280,post_self,self,self,1,0.06011423238948973,0.9398857676105102,0.9398857676105102,-2.74951171875,-0.06298828125,-2.8125,1,1.0,1,43
3281,post_defer,defer,defer,1,0.5621765008857981,0.43782349911420193,0.43782349911420193,0.25,-0.828125,-0.578125,1,1.0,1,161
3282,post_defer,defer,defer,1,0.8804891362585583,0.11951086374144171,0.11951086374144171,1.9970703125,-2.125,-0.1279296875,1,1.0,1,204
3283,post_defer,defer,self,1,0.5,0.5,0.5,0.0,-0.6953125,-0.6953125,1,1.0,1,352
3284,post_defer,defer,defer,1,0.6796041263180436,0.32039587368195643,0.32039587368195643,0.751953125,-1.140625,-0.388671875,1,0.0,1,630
3285,post_defer,defer,defer,1,0.5,0.5,0.5,0.0,-0.6953125,-0.6953125,1,1.0,1,236
3286,post_defer,defer,defer,1,0.7769615827831184,0.22303841721688156,0.22303841721688156,1.248046875,-1.5,-0.251953125,0,1.0,1,51
3287,post_self,self,self,1,0.029291398317003652,0.9707086016829963,0.9707086016829963,-3.500732421875,-0.030517578125,-3.53125,1,1.0,1,53
3288,post_self,self,self,1,0.2693256023055673,0.7306743976944328,0.7306743976944328,-0.998046875,-0.314453125,-1.3125,1,1.0,1,148
3289,post_defer,defer,defer,1,0.924039065164378,0.07596093483562205,0.07596093483562205,2.49853515625,-2.578125,-0.07958984375,1,1.0,1,313
3290,post_self,self,self,1,0.11951086374144179,0.8804891362585582,0.8804891362585582,-1.9970703125,-0.1279296875,-2.125,1,1.0,1,47
3291,post_self,self,self,1,0.07599521481895795,0.924004785181042,0.924004785181042,-2.498046875,-0.080078125,-2.578125,1,1.0,1,243
3292,post_self,self,self,1,0.09598311209176767,0.9040168879082323,0.9040168879082323,-2.24267578125,-0.10107421875,-2.34375,1,1.0,1,151
3293,post_self,self,self,1,0.07596093483562215,0.9240390651643778,0.9240390651643778,-2.49853515625,-0.07958984375,-2.578125,1,1.0,1,59
3294,post_defer,defer,defer,1,0.7306743976944328,0.26932560230556724,0.26932560230556724,0.998046875,-1.3125,-0.314453125,0,1.0,1,51
3295,post_self,self,self,1,0.2693256023055673,0.7306743976944328,0.7306743976944328,-0.998046875,-0.314453125,-1.3125,1,1.0,1,107
3296,post_self,self,self,1,0.22303841721688147,0.7769615827831186,0.7769615827831186,-1.248046875,-0.251953125,-1.5,1,1.0,1,116
3297,post_self,self,self,1,0.022813518716315165,0.9771864812836848,0.9771864812836848,-3.75732421875,-0.02392578125,-3.78125,1,1.0,1,70
3298,post_self,self,self,1,0.02930875768139625,0.9706912423186037,0.9706912423186037,-3.5001220703125,-0.0311279296875,-3.53125,1,1.0,1,41
3299,post_defer,defer,defer,1,0.5,0.5,0.5,0.0,-0.6953125,-0.6953125,0,1.0,1,69
3300,post_defer,defer,defer,1,0.6224593312018546,0.3775406687981454,0.3775406687981454,0.5,-0.9765625,-0.4765625,0,1.0,1,93
3301,post_self,self,self,1,0.2693256023055673,0.7306743976944328,0.7306743976944328,-0.998046875,-0.314453125,-1.3125,1,1.0,1,253
3302,post_self,self,self,1,0.18227991814270542,0.8177200818572946,0.8177200818572946,-1.5009765625,-0.2021484375,-1.703125,1,1.0,1,294
3303,post_self,self,self,1,0.03759980002230799,0.962400199977692,0.962400199977692,-3.242431640625,-0.038818359375,-3.28125,1,1.0,1,68
3304,post_defer,defer,defer,1,0.5,0.5,0.5,0.0,-0.6953125,-0.6953125,0,1.0,1,169
3305,post_self,self,self,1,0.09598311209176767,0.9040168879082323,0.9040168879082323,-2.24267578125,-0.10107421875,-2.34375,1,1.0,1,56
3306,post_self,self,self,1,0.07596093483562215,0.9240390651643778,0.9240390651643778,-2.49853515625,-0.07958984375,-2.578125,1,1.0,1,261
3307,post_self,self,self,1,0.37708178707321444,0.6229182129267856,0.6229182129267856,-0.501953125,-0.474609375,-0.9765625,1,1.0,1,75
3308,post_self,self,self,1,0.11951086374144179,0.8804891362585582,0.8804891362585582,-1.9970703125,-0.1279296875,-2.125,1,1.0,1,220
3309,post_self,self,self,1,0.22337706178344302,0.776622938216557,0.776622938216557,-1.24609375,-0.25390625,-1.5,1,1.0,1,179
3310,post_self,self,self,1,0.37708178707321444,0.6229182129267856,0.6229182129267856,-0.501953125,-0.474609375,-0.9765625,0,1.0,1,170
3311,post_self,self,self,1,0.3203958736819564,0.6796041263180437,0.6796041263180437,-0.751953125,-0.388671875,-1.140625,1,1.0,1,65
3312,post_defer,defer,self,1,0.5,0.5,0.5,0.0,-0.6953125,-0.6953125,1,1.0,1,222
3313,post_self,self,self,1,0.31997074490513444,0.6800292550948656,0.6800292550948656,-0.75390625,-0.38671875,-1.140625,1,1.0,1,340
3314,post_self,self,self,1,0.4378234991142019,0.5621765008857982,0.5621765008857982,-0.25,-0.578125,-0.828125,1,1.0,1,222
3315,post_defer,defer,defer,1,0.7769615827831184,0.22303841721688156,0.22303841721688156,1.248046875,-1.5,-0.251953125,1,1.0,1,238
3316,post_self,self,self,1,0.11951086374144179,0.8804891362585582,0.8804891362585582,-1.9970703125,-0.1279296875,-2.125,1,1.0,1,194
3317,post_self,self,self,1,0.22337706178344302,0.776622938216557,0.776622938216557,-1.24609375,-0.25390625,-1.5,1,1.0,1,62
3318,post_defer,defer,defer,1,0.6800292550948656,0.31997074490513444,0.31997074490513444,0.75390625,-1.140625,-0.38671875,1,1.0,1,167
3319,post_self,self,self,1,0.3203958736819564,0.6796041263180437,0.6796041263180437,-0.751953125,-0.388671875,-1.140625,1,1.0,1,291
3320,post_defer,defer,defer,1,0.924004785181042,0.07599521481895799,0.07599521481895799,2.498046875,-2.578125,-0.080078125,0,1.0,1,557
3321,post_defer,defer,defer,1,0.6229182129267856,0.3770817870732144,0.3770817870732144,0.501953125,-0.9765625,-0.474609375,0,0.0,1,139
3322,post_defer,defer,self,1,0.5,0.5,0.5,0.0,-0.6953125,-0.6953125,0,1.0,1,53
3323,post_self,self,self,1,0.18227991814270542,0.8177200818572946,0.8177200818572946,-1.5009765625,-0.2021484375,-1.703125,1,1.0,1,135
3324,post_self,self,self,1,0.2693256023055673,0.7306743976944328,0.7306743976944328,-0.998046875,-0.314453125,-1.3125,1,1.0,1,73
3325,post_self,self,self,1,0.3203958736819564,0.6796041263180437,0.6796041263180437,-0.751953125,-0.388671875,-1.140625,1,1.0,1,164
3326,post_self,self,self,1,0.11951086374144179,0.8804891362585582,0.8804891362585582,-1.9970703125,-0.1279296875,-2.125,1,1.0,1,909
3327,post_self,self,self,1,0.11951086374144179,0.8804891362585582,0.8804891362585582,-1.9970703125,-0.1279296875,-2.125,1,1.0,1,384
3328,post_defer,defer,defer,1,0.9524637102967268,0.04753628970327317,0.04753628970327317,2.99755859375,-3.046875,-0.04931640625,0,0.0,1,112
3329,post_self,self,self,1,0.4378234991142019,0.5621765008857982,0.5621765008857982,-0.25,-0.578125,-0.828125,1,1.0,1,69
3330,post_self,self,self,1,0.2693256023055673,0.7306743976944328,0.7306743976944328,-0.998046875,-0.314453125,-1.3125,1,1.0,1,87
3331,post_defer,defer,defer,1,0.5621765008857981,0.43782349911420193,0.43782349911420193,0.25,-0.828125,-0.578125,0,1.0,1,198
3332,post_self,self,self,1,0.22303841721688147,0.7769615827831186,0.7769615827831186,-1.248046875,-0.251953125,-1.5,1,1.0,1,250
3333,post_defer,defer,defer,1,0.6796041263180436,0.32039587368195643,0.32039587368195643,0.751953125,-1.140625,-0.388671875,1,1.0,1,225
3334,post_defer,defer,defer,1,0.9624001999776919,0.037599800022308116,0.037599800022308116,3.242431640625,-3.28125,-0.038818359375,1,1.0,1,292
3335,post_self,self,self,1,0.2693256023055673,0.7306743976944328,0.7306743976944328,-0.998046875,-0.314453125,-1.3125,1,1.0,1,191
3336,post_defer,defer,defer,1,0.6229182129267856,0.3770817870732144,0.3770817870732144,0.501953125,-0.9765625,-0.474609375,0,0.0,1,215
3337,post_defer,defer,defer,1,0.7306743976944328,0.26932560230556724,0.26932560230556724,0.998046875,-1.3125,-0.314453125,0,1.0,1,130
3338,post_defer,defer,defer,1,0.9040168879082324,0.09598311209176758,0.09598311209176758,2.24267578125,-2.34375,-0.10107421875,0,1.0,1,585
3339,post_defer,defer,defer,1,0.8177200818572946,0.1822799181427054,0.1822799181427054,1.5009765625,-1.703125,-0.2021484375,1,1.0,1,529
3340,post_defer,defer,defer,1,0.7306743976944328,0.26932560230556724,0.26932560230556724,0.998046875,-1.3125,-0.314453125,1,1.0,1,210
3341,post_self,self,self,1,0.1476780597041612,0.8523219402958389,0.8523219402958389,-1.7529296875,-0.1611328125,-1.9140625,1,1.0,1,522
3342,post_self,self,self,1,0.029291398317003652,0.9707086016829963,0.9707086016829963,-3.500732421875,-0.030517578125,-3.53125,0,0.0,1,50
3343,post_self,self,self,1,0.06008665017400762,0.9399133498259924,0.9399133498259924,-2.75,-0.0625,-2.8125,1,1.0,1,154
3344,post_defer,defer,defer,1,0.7306743976944328,0.26932560230556724,0.26932560230556724,0.998046875,-1.3125,-0.314453125,1,1.0,1,136
3345,post_defer,defer,defer,1,0.5,0.5,0.5,0.0,-0.6953125,-0.6953125,1,1.0,1,165
3346,post_defer,defer,defer,1,0.7306743976944328,0.26932560230556724,0.26932560230556724,0.998046875,-1.3125,-0.314453125,0,1.0,1,41
3347,post_self,self,self,1,0.3203958736819564,0.6796041263180437,0.6796041263180437,-0.751953125,-0.388671875,-1.140625,1,1.0,1,151
3348,post_self,self,self,1,0.31997074490513444,0.6800292550948656,0.6800292550948656,-0.75390625,-0.38671875,-1.140625,1,1.0,1,168
3349,post_self,self,self,1,0.37708178707321444,0.6229182129267856,0.6229182129267856,-0.501953125,-0.474609375,-0.9765625,1,1.0,1,178
3350,post_defer,defer,defer,1,0.5621765008857981,0.43782349911420193,0.43782349911420193,0.25,-0.828125,-0.578125,0,1.0,1,728
3351,post_self,self,self,1,0.4378234991142019,0.5621765008857982,0.5621765008857982,-0.25,-0.578125,-0.828125,1,1.0,1,305
3352,post_self,self,self,1,0.22303841721688147,0.7769615827831186,0.7769615827831186,-1.248046875,-0.251953125,-1.5,1,1.0,1,321
3353,post_self,self,self,1,0.2693256023055673,0.7306743976944328,0.7306743976944328,-0.998046875,-0.314453125,-1.3125,1,1.0,1,305
3354,post_defer,defer,defer,1,0.9624001999776919,0.037599800022308116,0.037599800022308116,3.242431640625,-3.28125,-0.038818359375,1,1.0,1,248
3355,post_defer,defer,defer,1,0.924039065164378,0.07596093483562205,0.07596093483562205,2.49853515625,-2.578125,-0.07958984375,1,1.0,1,245
3356,post_self,self,self,1,0.4378234991142019,0.5621765008857982,0.5621765008857982,-0.25,-0.578125,-0.828125,1,1.0,1,383
3357,post_self,self,self,1,0.22303841721688147,0.7769615827831186,0.7769615827831186,-1.248046875,-0.251953125,-1.5,1,1.0,1,288
3358,post_defer,defer,defer,1,0.9399133498259924,0.060086650174007605,0.060086650174007605,2.75,-2.8125,-0.0625,1,1.0,1,257
3359,post_self,self,self,1,0.11951086374144179,0.8804891362585582,0.8804891362585582,-1.9970703125,-0.1279296875,-2.125,1,1.0,1,206
3360,post_defer,defer,defer,1,0.9040168879082324,0.09598311209176758,0.09598311209176758,2.24267578125,-2.34375,-0.10107421875,0,1.0,1,135
3361,post_defer,defer,defer,1,0.7306743976944328,0.26932560230556724,0.26932560230556724,0.998046875,-1.3125,-0.314453125,1,1.0,1,81
3362,post_self,self,self,1,0.22337706178344302,0.776622938216557,0.776622938216557,-1.24609375,-0.25390625,-1.5,1,1.0,1,284
3363,post_defer,defer,defer,1,0.9040168879082324,0.09598311209176758,0.09598311209176758,2.24267578125,-2.34375,-0.10107421875,1,1.0,1,549
3364,post_self,self,self,1,0.2693256023055673,0.7306743976944328,0.7306743976944328,-0.998046875,-0.314453125,-1.3125,1,1.0,1,383
3365,post_self,self,self,1,0.2693256023055673,0.7306743976944328,0.7306743976944328,-0.998046875,-0.314453125,-1.3125,0,1.0,1,115
3366,post_self,self,self,1,0.07596093483562215,0.9240390651643778,0.9240390651643778,-2.49853515625,-0.07958984375,-2.578125,1,1.0,1,92
3367,post_defer,defer,defer,1,0.5,0.5,0.5,0.0,-0.6953125,-0.6953125,1,1.0,1,78
3368,post_self,self,self,1,0.2693256023055673,0.7306743976944328,0.7306743976944328,-0.998046875,-0.314453125,-1.3125,1,1.0,1,288
3369,post_defer,defer,defer,1,0.5621765008857981,0.43782349911420193,0.43782349911420193,0.25,-0.828125,-0.578125,0,1.0,1,621
3370,post_self,self,self,1,0.37708178707321444,0.6229182129267856,0.6229182129267856,-0.501953125,-0.474609375,-0.9765625,1,1.0,1,220
3371,post_defer,defer,defer,1,0.9052804374665036,0.09471956253349645,0.09471956253349645,2.25732421875,-2.359375,-0.10205078125,0,1.0,1,126
3372,post_defer,defer,defer,1,0.5621765008857981,0.43782349911420193,0.43782349911420193,0.25,-0.828125,-0.578125,0,1.0,1,701
3373,post_self,self,self,1,0.2693256023055673,0.7306743976944328,0.7306743976944328,-0.998046875,-0.314453125,-1.3125,1,1.0,1,351
3374,post_defer,defer,defer,1,0.9980683588322479,0.0019316411677521295,0.0019316411677521295,6.2474517822265625,-6.25,-0.0025482177734375,0,1.0,1,796
3375,post_defer,defer,defer,1,0.8804891362585583,0.11951086374144171,0.11951086374144171,1.9970703125,-2.125,-0.1279296875,0,0.0,1,397
3376,post_self,self,self,1,0.11951086374144179,0.8804891362585582,0.8804891362585582,-1.9970703125,-0.1279296875,-2.125,1,1.0,1,227
3377,post_defer,defer,defer,1,0.5,0.5,0.5,0.0,-0.6953125,-0.6953125,0,0.0,1,265
3378,post_self,self,self,1,0.09598311209176767,0.9040168879082323,0.9040168879082323,-2.24267578125,-0.10107421875,-2.34375,1,1.0,1,86
3379,post_defer,defer,defer,1,0.9624001999776919,0.037599800022308116,0.037599800022308116,3.242431640625,-3.28125,-0.038818359375,0,1.0,1,276
3380,post_self,self,self,1,0.1476780597041612,0.8523219402958389,0.8523219402958389,-1.7529296875,-0.1611328125,-1.9140625,0,1.0,1,121
3381,post_self,self,self,1,0.1476780597041612,0.8523219402958389,0.8523219402958389,-1.7529296875,-0.1611328125,-1.9140625,1,1.0,1,349
3382,post_self,self,self,1,0.37708178707321444,0.6229182129267856,0.6229182129267856,-0.501953125,-0.474609375,-0.9765625,1,1.0,1,366
3383,post_defer,defer,defer,1,0.9771864812836849,0.022813518716315095,0.022813518716315095,3.75732421875,-3.78125,-0.02392578125,1,1.0,1,85
3384,post_defer,defer,defer,1,0.979531034552516,0.020468965447484,0.020468965447484,3.8681640625,-3.890625,-0.0224609375,0,0.0,1,151
3385,post_defer,defer,defer,1,0.8177200818572946,0.1822799181427054,0.1822799181427054,1.5009765625,-1.703125,-0.2021484375,1,1.0,1,508
3386,post_self,self,self,1,0.18227991814270542,0.8177200818572946,0.8177200818572946,-1.5009765625,-0.2021484375,-1.703125,1,1.0,1,447
3387,post_self,self,self,1,0.22303841721688147,0.7769615827831186,0.7769615827831186,-1.248046875,-0.251953125,-1.5,0,1.0,1,194
3388,post_self,self,self,1,0.2693256023055673,0.7306743976944328,0.7306743976944328,-0.998046875,-0.314453125,-1.3125,1,1.0,1,500
3389,post_defer,defer,defer,1,0.9947496777002385,0.005250322299761523,0.005250322299761523,5.24420166015625,-5.25,-0.00579833984375,0,1.0,1,125
3390,post_self,self,self,1,0.37708178707321444,0.6229182129267856,0.6229182129267856,-0.501953125,-0.474609375,-0.9765625,0,0.0,1,123
3391,post_self,self,self,1,0.1476780597041612,0.8523219402958389,0.8523219402958389,-1.7529296875,-0.1611328125,-1.9140625,1,1.0,1,311
3392,post_defer,defer,defer,1,0.5,0.5,0.5,0.0,-0.6953125,-0.6953125,1,0.0,1,279
3393,post_defer,defer,defer,1,0.6796041263180436,0.32039587368195643,0.32039587368195643,0.751953125,-1.140625,-0.388671875,1,1.0,1,368
3394,post_defer,defer,defer,1,0.8523219402958387,0.14767805970416126,0.14767805970416126,1.7529296875,-1.9140625,-0.1611328125,1,1.0,1,277
3395,post_defer,defer,defer,1,0.8523219402958387,0.14767805970416126,0.14767805970416126,1.7529296875,-1.9140625,-0.1611328125,0,1.0,1,123
3396,post_defer,defer,defer,1,0.8177200818572946,0.1822799181427054,0.1822799181427054,1.5009765625,-1.703125,-0.2021484375,1,1.0,1,112
3397,post_self,self,self,1,0.07596093483562215,0.9240390651643778,0.9240390651643778,-2.49853515625,-0.07958984375,-2.578125,1,1.0,1,78
3398,post_self,self,self,1,0.2693256023055673,0.7306743976944328,0.7306743976944328,-0.998046875,-0.314453125,-1.3125,1,1.0,1,500
3399,post_defer,defer,defer,1,0.8177200818572946,0.1822799181427054,0.1822799181427054,1.5009765625,-1.703125,-0.2021484375,0,1.0,1,85
3400,post_self,self,self,1,0.06011423238948973,0.9398857676105102,0.9398857676105102,-2.74951171875,-0.06298828125,-2.8125,0,1.0,1,394
3401,post_defer,defer,defer,1,0.5621765008857981,0.43782349911420193,0.43782349911420193,0.25,-0.828125,-0.578125,1,1.0,1,445
3402,post_self,self,self,1,0.06011423238948973,0.9398857676105102,0.9398857676105102,-2.74951171875,-0.06298828125,-2.8125,1,1.0,1,116
3403,post_self,self,self,1,0.11951086374144179,0.8804891362585582,0.8804891362585582,-1.9970703125,-0.1279296875,-2.125,1,1.0,1,373
3404,post_defer,defer,defer,1,0.6800292550948656,0.31997074490513444,0.31997074490513444,0.75390625,-1.140625,-0.38671875,1,1.0,1,157
3405,post_defer,defer,defer,1,0.9524637102967268,0.04753628970327317,0.04753628970327317,2.99755859375,-3.046875,-0.04931640625,1,1.0,1,185
3406,post_self,self,self,1,0.2693256023055673,0.7306743976944328,0.7306743976944328,-0.998046875,-0.314453125,-1.3125,1,1.0,1,182
3407,post_self,self,self,1,0.06011423238948973,0.9398857676105102,0.9398857676105102,-2.74951171875,-0.06298828125,-2.8125,1,1.0,1,127
3408,post_self,self,self,1,0.3203958736819564,0.6796041263180437,0.6796041263180437,-0.751953125,-0.388671875,-1.140625,0,0.0,1,178
